 MIS_BCSCUSTODYPLAN_DF,BCSCUSTODYPLAN_Qry,Q_BCSCUSTODYPLAN_Qry,__SAP_LEFT_OUTER_JOIN BCSCUSTODYPLAN_Reverse_Pivot  ON (BCSCUSTODYPLAN_Reverse_Pivot.OASYS_SET_PK = Q_BCSCUSTODYPLAN_Qry.OASYS_SET_PK)SET("ui_on_text" = '(BCSCUSTODYPLAN_Reverse_Pivot.OASYS_SET_PK = Q_BCSCUSTODYPLAN_Qry.OASYS_SET_PK)'),WHERE ((Q_BCSCUSTODYPLAN_Qry.ADDITIONAL_NOTE IS NOT  NULL ) OR   (Q_BCSCUSTODYPLAN_Qry.OASYS_SET_PK_BSP IS NOT  NULL ))SET("distinct_run_as_separate_process" = 'no'; "group_by_run_as_separate_process" = 'no'; "join_run_as_separate_process" = 'no'; "order_by_run_as_separate_process" = 'no'; "run_as_separate_process" = 'no')
 MIS_BCSRISKSCREENING_I_DF,Get_OASYS_Answer_BCSRISKSCREENING_Qry,Get_OASYS_Question_BCSRISKSCREENING_Qry,__SAP_LEFT_OUTER_JOIN Para_qry  ON (Get_OASYS_Question_BCSRISKSCREENING_Qry.OASYS_QUESTION_PK = Para_qry.OASYS_QUESTION_PK)SET("ui_on_text" = '(Get_OASYS_Question_BCSRISKSCREENING_Qry.OASYS_QUESTION_PK = Para_qry.OASYS_QUESTION_PK)'),
 MIS_BSSP_I_DF,Lookup_BSSP_Qry,BSSP_Qry,__SAP_LEFT_OUTER_JOIN STG_BSSP_3  ON (STG_BSSP_3.ASSESSMENTGUID = BSSP_Qry.ASSESSMENTGUID)SET("ui_on_text" = '(STG_BSSP_3.ASSESSMENTGUID = BSSP_Qry.ASSESSMENTGUID)'),
 MIS_BSSP_STG_1_DF,Get_OASYS_Answer_BSSP_Qry,Get_OASYS_Question_BSSP_Qry,__SAP_LEFT_OUTER_JOIN Para_qry  ON (Get_OASYS_Question_BSSP_Qry.OASYS_QUESTION_PK = Para_qry.OASYS_QUESTION_PK)SET("ui_on_text" = '(Get_OASYS_Question_BSSP_Qry.OASYS_QUESTION_PK = Para_qry.OASYS_QUESTION_PK)'),
 MIS_BSSP_STG_2_DF,Long_to_Varchar_BSSP_qry,Get_Basic_Qry,__SAP_LEFT_OUTER_JOIN ONR_BASIC_SENTENCE_PLAN_OBJ_VW  ON (ONR_BASIC_SENTENCE_PLAN_OBJ_VW.OASYS_SET_PK = Get_Basic_Qry.OASYS_SET_PK)SET("ui_on_text" = '(ONR_BASIC_SENTENCE_PLAN_OBJ_VW.OASYS_SET_PK = Get_Basic_Qry.OASYS_SET_PK)'),ORDER BY ONR_BASIC_SENTENCE_PLAN_OBJ_VW.OASYS_SET_PK ASC ; ONR_BASIC_SENTENCE_PLAN_OBJ_VW.BASIC_SENT_PLAN_OBJ_PK ASC ; ONR_BASIC_SENTENCE_PLAN_OBJ_VW.DISPLAY_SORT ASC SET("distinct_run_as_separate_process" = 'no'; "group_by_run_as_separate_process" = 'no'; "join_run_as_separate_process" = 'no'; "order_by_run_as_separate_process" = 'no'; "run_as_separate_process" = 'no')
 MIS_CASE_ID_DF,CaseID_Additional_Details_Qry,(CaseID_Filter_AssessmentTypes_qry,__SAP_LEFT_OUTER_JOIN REF_ASS_VERSION  ON ((REF_ASS_VERSION.REF_ASS_VERSION_CODE = CaseID_Filter_AssessmentTypes_qry.REF_ASS_VERSION_CODE) AND,(REF_ASS_VERSION.VERSION_NUMBER = CaseID_Filter_AssessmentTypes_qry.VERSION_NUMBER))SET("ui_on_text" = '(REF_ASS_VERSION.REF_ASS_VERSION_CODE = CaseID_Filter_AssessmentTypes_qry.REF_ASS_VERSION_CODE) AND (REF_ASS_VERSION.VERSION_NUMBER = CaseID_Filter_AssessmentTypes_qry.VERSION_NUMBER)')) __SAP_LEFT_OUTER_JOIN COURT  ON (COURT.COURT_PK = CaseID_Filter_AssessmentTypes_qry.PSR_COURT)SET("ui_on_text" = '(COURT.COURT_PK = CaseID_Filter_AssessmentTypes_qry.PSR_COURT)')
 MIS_CASE_ID_DF,Offence_Sentence_Detail_Qry,((((((Offence_Block_Qry,__SAP_LEFT_OUTER_JOIN STG_CASE_CJA_REQ  ON (STG_CASE_CJA_REQ.OASYS_SET_PK = Offence_Block_Qry.OASYS_SET_PK)SET("ui_on_text" = '(STG_CASE_CJA_REQ.OASYS_SET_PK = Offence_Block_Qry.OASYS_SET_PK)'),) __SAP_LEFT_OUTER_JOIN STG_CASE_CJA_ACT  ON (STG_CASE_CJA_ACT.OASYS_SET_PK = Offence_Block_Qry.OASYS_SET_PK)SET("ui_on_text" = '(STG_CASE_CJA_ACT.OASYS_SET_PK = Offence_Block_Qry.OASYS_SET_PK)')) __SAP_LEFT_OUTER_JOIN STG_CASE_SRCINFO  ON (STG_CASE_SRCINFO.OASYS_SET_PK = Offence_Block_Qry.OASYS_SET_PK)SET("ui_on_text" = '(STG_CASE_SRCINFO.OASYS_SET_PK = Offence_Block_Qry.OASYS_SET_PK)')) __SAP_LEFT_OUTER_JOIN STG_CASE_SENTPURP  ON (STG_CASE_SENTPURP.OASYS_SET_PK = Offence_Block_Qry.OASYS_SET_PK)SET("ui_on_text" = '(STG_CASE_SENTPURP.OASYS_SET_PK = Offence_Block_Qry.OASYS_SET_PK)')) __SAP_LEFT_OUTER_JOIN STG_CASE_ACCPROG  ON (STG_CASE_ACCPROG.OASYS_SET_PK = Offence_Block_Qry.OASYS_SET_PK)SET("ui_on_text" = '(STG_CASE_ACCPROG.OASYS_SET_PK = Offence_Block_Qry.OASYS_SET_PK)')) __SAP_LEFT_OUTER_JOIN STG_CASE_PROPPROG  ON (STG_CASE_PROPPROG.OASYS_SET_PK = Offence_Block_Qry.OASYS_SET_PK)SET("ui_on_text" = '(STG_CASE_PROPPROG.OASYS_SET_PK = Offence_Block_Qry.OASYS_SET_PK)')) __SAP_LEFT_OUTER_JOIN STG_CASE_PROPADDREQ  ON (STG_CASE_PROPADDREQ.OASYS_SET_PK = Offence_Block_Qry.OASYS_SET_PK)SET("ui_on_text" = '(STG_CASE_PROPADDREQ.OASYS_SET_PK = Offence_Block_Qry.OASYS_SET_PK)')
 MIS_CASE_ID_STG_1_DF,CaseID_join_offence_block,offence_block_CASEID_Qry,__SAP_LEFT_OUTER_JOIN ONR_OFFENCE_SENT_DETAIL_VW  ON (offence_block_CASEID_Qry.OFFENCE_BLOCK_PK = ONR_OFFENCE_SENT_DETAIL_VW.OFFENCE_BLOCK_PK)SET("ui_on_text" = '(offence_block_CASEID_Qry.OFFENCE_BLOCK_PK = ONR_OFFENCE_SENT_DETAIL_VW.OFFENCE_BLOCK_PK)'),
 MIS_CASE_ID_STG_4_DF,MIG_GET_ASS_STATUS_qry,CaseID_Assmnt_Grp_Qry,__SAP_LEFT_OUTER_JOIN MIG_Legacy_Reverse_Pivot  ON (CaseID_Assmnt_Grp_Qry.OASYS_SET_PK = MIG_Legacy_Reverse_Pivot.OASYS_SET_PK)SET("ui_on_text" = '(CaseID_Assmnt_Grp_Qry.OASYS_SET_PK = MIG_Legacy_Reverse_Pivot.OASYS_SET_PK)'),WHERE (CaseID_Assmnt_Grp_Qry.MIG_GUID IS NOT  NULL )SET("distinct_run_as_separate_process" = 'no'; "group_by_run_as_separate_process" = 'no'; "join_run_as_separate_process" = 'no'; "order_by_run_as_separate_process" = 'no'; "run_as_separate_process" = 'no')
 MIS_CASE_ID_STG_4_D_DF,MIG_GET_ASS_STATUS_qry,CaseID_Assmnt_Grp_Qry,__SAP_LEFT_OUTER_JOIN MIG_Legacy_Reverse_Pivot  ON (CaseID_Assmnt_Grp_Qry.OASYS_SET_PK = MIG_Legacy_Reverse_Pivot.OASYS_SET_PK)SET("ui_on_text" = '(CaseID_Assmnt_Grp_Qry.OASYS_SET_PK = MIG_Legacy_Reverse_Pivot.OASYS_SET_PK)'),WHERE (CaseID_Assmnt_Grp_Qry.MIG_GUID IS NOT  NULL )SET("distinct_run_as_separate_process" = 'no'; "group_by_run_as_separate_process" = 'no'; "join_run_as_separate_process" = 'no'; "order_by_run_as_separate_process" = 'no'; "run_as_separate_process" = 'no')
 MIS_INTBDTTO_DF,Rename_Columns_qry,(Get_Not_Disclosed_qry,__SAP_LEFT_OUTER_JOIN OASYS_USER_1  ON (Get_Not_Disclosed_qry.USER_CODE_OBSOLETED = OASYS_USER_1.OASYS_USER_CODE)SET("ui_on_text" = '(Get_Not_Disclosed_qry.USER_CODE_OBSOLETED = OASYS_USER_1.OASYS_USER_CODE)'),) __SAP_LEFT_OUTER_JOIN OASYS_USER  ON (Get_Not_Disclosed_qry.USER_CODE_CREATE = OASYS_USER.OASYS_USER_CODE)SET("ui_on_text" = '(Get_Not_Disclosed_qry.USER_CODE_CREATE = OASYS_USER.OASYS_USER_CODE)')
 MIS_ISSP_D_DF,Get_OASYS_Question_ISSP_Qry,Get_INITIAL_Qry,__SAP_LEFT_OUTER_JOIN Get_Question_Outer_qry  ON (Get_Question_Outer_qry.OASYS_SET_PK = Get_INITIAL_Qry.OASYS_SET_PK)SET("ui_on_text" = '(Get_Question_Outer_qry.OASYS_SET_PK = Get_INITIAL_Qry.OASYS_SET_PK)'),
 MIS_ISSP_D_DF,ISSP_Qry,Q_AND_A_ISSP_Qry,__SAP_LEFT_OUTER_JOIN Get_Latest_Counter_qry  ON (Q_AND_A_ISSP_Qry.AssessmentGuid = Get_Latest_Counter_qry.OASYS_SET_PK)SET("ui_on_text" = '(Q_AND_A_ISSP_Qry.AssessmentGuid = Get_Latest_Counter_qry.OASYS_SET_PK)'),
 MIS_ISSP_I_DF,Get_OASYS_Question_ISSP_Qry,Data_Transfer,__SAP_LEFT_OUTER_JOIN Data_Transfer_1  ON (Data_Transfer_1.OASYS_SET_PK = Data_Transfer.OASYS_SET_PK)SET("ui_on_text" = '(Data_Transfer_1.OASYS_SET_PK = Data_Transfer.OASYS_SET_PK)'),
 MIS_ISSP_I_DF,Get_OASYS_Answer_ISSP_Qry,Get_OASYS_Question_ISSP_Qry,__SAP_LEFT_OUTER_JOIN Para_qry  ON (Get_OASYS_Question_ISSP_Qry.OASYS_QUESTION_PK = Para_qry.OASYS_QUESTION_PK)SET("ui_on_text" = '(Get_OASYS_Question_ISSP_Qry.OASYS_QUESTION_PK = Para_qry.OASYS_QUESTION_PK)'),
 MIS_ISSP_I_DF,ISSP_Qry,Q_AND_A_ISSP_Qry,__SAP_LEFT_OUTER_JOIN Get_Latest_Counter_qry  ON (Q_AND_A_ISSP_Qry.AssessmentGuid = Get_Latest_Counter_qry.OASYS_SET_PK)SET("ui_on_text" = '(Q_AND_A_ISSP_Qry.AssessmentGuid = Get_Latest_Counter_qry.OASYS_SET_PK)'),
 MIS_LOAD_STG_SQAR_PARENT_DF,Get_OASYS_SQA_Qry,STG_SQAR_QUESTION,__SAP_LEFT_OUTER_JOIN STG_SQAR_ANSWER  ON (STG_SQAR_QUESTION.OASYS_QUESTION_PK = STG_SQAR_ANSWER.OASYS_QUESTION_PK)SET("ui_on_text" = '(STG_SQAR_QUESTION.OASYS_QUESTION_PK = STG_SQAR_ANSWER.OASYS_QUESTION_PK)'),
 MIS_LOAD_STG_SQAR_SUBASS_DF,Get_OASYS_SQA_Qry,STG_SQAR_QUESTION,__SAP_LEFT_OUTER_JOIN STG_SQAR_ANSWER  ON (STG_SQAR_QUESTION.OASYS_QUESTION_PK = STG_SQAR_ANSWER.OASYS_QUESTION_PK)SET("ui_on_text" = '(STG_SQAR_QUESTION.OASYS_QUESTION_PK = STG_SQAR_ANSWER.OASYS_QUESTION_PK)'),
 MIS_OBJECTIVEINPLAN_CURRENT_DF,Get_Objective_Measure_qry,Get_ObjectiveInSet_qry,__SAP_LEFT_OUTER_JOIN SSP_OBJECTIVE_MEASURE  ON (Get_ObjectiveInSet_qry.SSP_OBJECTIVES_IN_SET_PK = SSP_OBJECTIVE_MEASURE.SSP_OBJECTIVES_IN_SET_PK)SET("ui_on_text" = '(Get_ObjectiveInSet_qry.SSP_OBJECTIVES_IN_SET_PK = SSP_OBJECTIVE_MEASURE.SSP_OBJECTIVES_IN_SET_PK)'),
 MIS_OBJECTIVEINPLAN_CURRENT_DF,Get_Objective_qry,Get_Objective_Measure_qry,__SAP_LEFT_OUTER_JOIN ONR_SSP_OBJECTIVE_VW  ON (Get_Objective_Measure_qry.SSP_OBJECTIVES_IN_SET_PK = ONR_SSP_OBJECTIVE_VW.SSP_OBJECTIVES_IN_SET_PK)SET("ui_on_text" = '(Get_Objective_Measure_qry.SSP_OBJECTIVES_IN_SET_PK = ONR_SSP_OBJECTIVE_VW.SSP_OBJECTIVES_IN_SET_PK)'),
 MIS_OBJECTIVEINPLAN_CURRENT_DF,Get_Objective_desc_qry,LookUp_OBJECTIVEINPLAN_qry,__SAP_LEFT_OUTER_JOIN OBJECTIVE  ON (LookUp_OBJECTIVEINPLAN_qry.OBJECTIVE_CODE = OBJECTIVE.OBJECTIVE_CODE)SET("ui_on_text" = '(LookUp_OBJECTIVEINPLAN_qry.OBJECTIVE_CODE = OBJECTIVE.OBJECTIVE_CODE)'),
 MIS_OBJECTIVEINPLAN_FUTURE_DF,Get_Objective_Measure_qry,Get_ObjectiveInSet_qry,__SAP_LEFT_OUTER_JOIN SSP_OBJECTIVE_MEASURE  ON (Get_ObjectiveInSet_qry.SSP_OBJECTIVES_IN_SET_PK = SSP_OBJECTIVE_MEASURE.SSP_OBJECTIVES_IN_SET_PK)SET("ui_on_text" = '(Get_ObjectiveInSet_qry.SSP_OBJECTIVES_IN_SET_PK = SSP_OBJECTIVE_MEASURE.SSP_OBJECTIVES_IN_SET_PK)'),
 MIS_OBJECTIVEINPLAN_FUTURE_DF,Get_Objective_qry,Get_Objective_Measure_qry,__SAP_LEFT_OUTER_JOIN ONR_SSP_OBJECTIVE_VW  ON (Get_Objective_Measure_qry.SSP_OBJECTIVES_IN_SET_PK = ONR_SSP_OBJECTIVE_VW.SSP_OBJECTIVES_IN_SET_PK)SET("ui_on_text" = '(Get_Objective_Measure_qry.SSP_OBJECTIVES_IN_SET_PK = ONR_SSP_OBJECTIVE_VW.SSP_OBJECTIVES_IN_SET_PK)'),
 MIS_OBJECTIVEINPLAN_FUTURE_DF,Get_Objective_desc_qry,LookUp_OBJECTIVEINPLAN_qry,__SAP_LEFT_OUTER_JOIN OBJECTIVE  ON (OBJECTIVE.OBJECTIVE_CODE = LookUp_OBJECTIVEINPLAN_qry.OBJECTIVE_CODE)SET("ui_on_text" = '(OBJECTIVE.OBJECTIVE_CODE = LookUp_OBJECTIVEINPLAN_qry.OBJECTIVE_CODE)'),
 MIS_OBJECTIVEREVIEW_DF,Get_Objective_Measure_qry,Get_ObjectiveInSet_qry,__SAP_LEFT_OUTER_JOIN SSP_OBJECTIVE_MEASURE  ON (Get_ObjectiveInSet_qry.SSP_OBJECTIVES_IN_SET_PK = SSP_OBJECTIVE_MEASURE.SSP_OBJECTIVES_IN_SET_PK)SET("ui_on_text" = '(Get_ObjectiveInSet_qry.SSP_OBJECTIVES_IN_SET_PK = SSP_OBJECTIVE_MEASURE.SSP_OBJECTIVES_IN_SET_PK)'),
 MIS_OBJECTIVEREVIEW_DF,Get_Objective_qry,Get_Objective_Measure_qry,__SAP_LEFT_OUTER_JOIN ONR_SSP_OBJECTIVE_VW  ON (Get_Objective_Measure_qry.SSP_OBJECTIVES_IN_SET_PK = ONR_SSP_OBJECTIVE_VW.SSP_OBJECTIVES_IN_SET_PK)SET("ui_on_text" = '(Get_Objective_Measure_qry.SSP_OBJECTIVES_IN_SET_PK = ONR_SSP_OBJECTIVE_VW.SSP_OBJECTIVES_IN_SET_PK)'),
 MIS_OBJECTIVEREVIEW_DF,Get_Objective_desc_qry,LookUp_OBJECTIVEINPLAN_qry,__SAP_LEFT_OUTER_JOIN OBJECTIVE  ON (OBJECTIVE.OBJECTIVE_CODE = LookUp_OBJECTIVEINPLAN_qry.OBJECTIVE_CODE)SET("ui_on_text" = '(OBJECTIVE.OBJECTIVE_CODE = LookUp_OBJECTIVEINPLAN_qry.OBJECTIVE_CODE)'),
 MIS_OFFENDER_DF,Join_Set_Qry,Derive_Controlling_Owner_Qry,__SAP_LEFT_OUTER_JOIN STG_OFF_AREA  ON (Derive_Controlling_Owner_Qry.OFFENDER_PK = STG_OFF_AREA.OFFENDER_PK)SET("ui_on_text" = '(Derive_Controlling_Owner_Qry.OFFENDER_PK = STG_OFF_AREA.OFFENDER_PK)'),
 MIS_OFFENDER_DF,Join_Temporary_Access_Qry,Join_User_Area_Qry,__SAP_LEFT_OUTER_JOIN Get_Temporary_Access_Qry  ON (Join_User_Area_Qry.OFFENDER_PK = Get_Temporary_Access_Qry.OFFENDER_PK)SET("ui_on_text" = '(Join_User_Area_Qry.OFFENDER_PK = Get_Temporary_Access_Qry.OFFENDER_PK)'),
 MIS_OFFENDER_DF,Join_Offender_Manager_Qry,Join_Temporary_Access_Qry,__SAP_LEFT_OUTER_JOIN Join_Controlling_Owner_Qry  ON (Join_Temporary_Access_Qry.OFFENDER_PK = Join_Controlling_Owner_Qry.OFFENDER_PK)SET("ui_on_text" = '(Join_Temporary_Access_Qry.OFFENDER_PK = Join_Controlling_Owner_Qry.OFFENDER_PK)'),
 MIS_OFFENDER_DF,Join_Offender_Team_Qry,(Join_Offender_Manager_Qry,__SAP_LEFT_OUTER_JOIN Get_Team_Name_qry  ON ((((Join_Offender_Manager_Qry.OFFENDER_PK = Get_Team_Name_qry.OFFENDER_PK) AND,(Get_Team_Name_qry.TEAM_ACCESS_TYPE_ELM = Join_Offender_Manager_Qry.CONTROLLING_OFFNDR_USER_TEAM)) AND   (Get_Team_Name_qry.END_DATE IS  NULL )) AND   (Get_Team_Name_qry.CT_AREA_EST_CODE = Join_Offender_Manager_Qry.PRIMARY_LOCATION_AREA))SET("ui_on_text" = '(Join_Offender_Manager_Qry.OFFENDER_PK = Get_Team_Name_qry.OFFENDER_PK) AND (Get_Team_Name_qry.TEAM_ACCESS_TYPE_ELM = Join_Offender_Manager_Qry.CONTROLLING_OFFNDR_USER_TEAM) AND (Get_Team_Name_qry.END_DATE IS  NULL ) AND (Get_Team_Name_qry.CT_AREA_EST_CODE = Join_Offender_Manager_Qry.PRIMARY_LOCATION_AREA)')) __SAP_LEFT_OUTER_JOIN USER_AREA  ON ((Join_Offender_Manager_Qry.MANAGER_OASYS_USER_CODE = USER_AREA.OASYS_USER_CODE) AND   (USER_AREA.CT_AREA_EST_CODE = Join_Offender_Manager_Qry.PRIMARY_LOCATION_AREA))SET("ui_on_text" = '(Join_Offender_Manager_Qry.MANAGER_OASYS_USER_CODE = USER_AREA.OASYS_USER_CODE) AND (USER_AREA.CT_AREA_EST_CODE = Join_Offender_Manager_Qry.PRIMARY_LOCATION_AREA)')
 MIS_OFFENDER_DF,GrpByOffndr_Qry,Off_lookup_Qry,__SAP_LEFT_OUTER_JOIN Get_RESETT_OFF_Qry  ON (Get_RESETT_OFF_Qry.OFFENDER_PK = Off_lookup_Qry.OFFENDERGUID)SET("ui_on_text" = '(Get_RESETT_OFF_Qry.OFFENDER_PK = Off_lookup_Qry.OFFENDERGUID)'),
 MIS_OFFENDER_DF,Get_RESETT_OFF_Qry,Get_Offender_Qry,__SAP_LEFT_OUTER_JOIN CT_AREA_EST  ON (Get_Offender_Qry.HOST_CRC = CT_AREA_EST.CT_AREA_EST_CODE)SET("ui_on_text" = '(Get_Offender_Qry.HOST_CRC = CT_AREA_EST.CT_AREA_EST_CODE)'),
 MIS_PSRREP_DF,Join_Question_Qry,Join_Latest_CR_PK_Qry,__SAP_LEFT_OUTER_JOIN Get_MIG7_Question_Qry  ON (Join_Latest_CR_PK_Qry.OASYS_SET_PK = Get_MIG7_Question_Qry.OASYS_SET_PK)SET("ui_on_text" = '(Join_Latest_CR_PK_Qry.OASYS_SET_PK = Get_MIG7_Question_Qry.OASYS_SET_PK)'),
 MIS_PSRREP_D_DF,Join_Question_Qry,Join_Latest_CR_PK_Qry,__SAP_LEFT_OUTER_JOIN Get_MIG7_Question_Qry  ON (Join_Latest_CR_PK_Qry.OASYS_SET_PK = Get_MIG7_Question_Qry.OASYS_SET_PK)SET("ui_on_text" = '(Join_Latest_CR_PK_Qry.OASYS_SET_PK = Get_MIG7_Question_Qry.OASYS_SET_PK)'),
 MIS_PSR_DF,Qry_Include_PSR_OFFENCE,Qry_Include_OASYS_SIGNING,__SAP_LEFT_OUTER_JOIN SubDesc_Qry  ON (Qry_Include_OASYS_SIGNING.OASYS_SET_PK = SubDesc_Qry.OASYS_SET_PK)SET("ui_on_text" = '(Qry_Include_OASYS_SIGNING.OASYS_SET_PK = SubDesc_Qry.OASYS_SET_PK)'),
 MIS_PSR_DF,Qry_Include_OASYS_QUESTION,Qry_Include_DOCUMENT_HISTORY,__SAP_LEFT_OUTER_JOIN Qry_Get_OASYS_SET_PK  ON (Qry_Get_OASYS_SET_PK.OASYS_SET_PK = Qry_Include_DOCUMENT_HISTORY.OASYS_SET_PK)SET("ui_on_text" = '(Qry_Get_OASYS_SET_PK.OASYS_SET_PK = Qry_Include_DOCUMENT_HISTORY.OASYS_SET_PK)'),
 MIS_PSR_D_DF,Qry_Include_PSR_OFFENCE,Qry_Include_OASYS_SIGNING,__SAP_LEFT_OUTER_JOIN SubDesc_Qry  ON (Qry_Include_OASYS_SIGNING.OASYS_SET_PK = SubDesc_Qry.OASYS_SET_PK)SET("ui_on_text" = '(Qry_Include_OASYS_SIGNING.OASYS_SET_PK = SubDesc_Qry.OASYS_SET_PK)'),
 MIS_PSR_D_DF,Qry_Include_OASYS_QUESTION,Qry_Include_DOCUMENT_HISTORY,__SAP_LEFT_OUTER_JOIN STG_SECT_QUEST_ANS  ON (((STG_SECT_QUEST_ANS.OASYS_SET_PK = Qry_Include_DOCUMENT_HISTORY.OASYS_SET_PK) AND,(STG_SECT_QUEST_ANS.REF_SECTION_CODE = 'CASEID_MIG')) AND   (STG_SECT_QUEST_ANS.REF_QUESTION_CODE = 'MIG.6'))SET("ui_on_text" = '(STG_SECT_QUEST_ANS.OASYS_SET_PK = Qry_Include_DOCUMENT_HISTORY.OASYS_SET_PK) AND (STG_SECT_QUEST_ANS.REF_SECTION_CODE = \'CASEID_MIG\') AND (STG_SECT_QUEST_ANS.REF_QUESTION_CODE = \'MIG.6\')')
 MIS_PSR_OUTLINE_DF,Lookup_PSR_OUTLINE_Qry,Mapping_PSR_OUTLINE_Qry,__SAP_LEFT_OUTER_JOIN Mig_Or_OasysR_Qry  ON (Mapping_PSR_OUTLINE_Qry.OASYS_SET_PK = Mig_Or_OasysR_Qry.OASYS_SET_PK)SET("ui_on_text" = '(Mapping_PSR_OUTLINE_Qry.OASYS_SET_PK = Mig_Or_OasysR_Qry.OASYS_SET_PK)'),
 MIS_RM2000_I_DF,RM2000_Get_Answer_Qry,RM2000_Get_Question_Qry,__SAP_LEFT_OUTER_JOIN Para_qry  ON (RM2000_Get_Question_Qry.OASYS_QUESTION_PK = Para_qry.OASYS_QUESTION_PK)SET("ui_on_text" = '(RM2000_Get_Question_Qry.OASYS_QUESTION_PK = Para_qry.OASYS_QUESTION_PK)'),
 MIS_ROHFA_CHILDATROH_DF,Get_Child_Risk_Reg_Pivot_qry,Get_Child_Risk_Pivot_qry,__SAP_LEFT_OUTER_JOIN CHILD_AT_RISK_REG_PIVOT  ON (CHILD_AT_RISK_REG_PIVOT.CHILD_AT_RISK_PIVOT_PK = Get_Child_Risk_Pivot_qry.CHILD_AT_RISK_PIVOT_PK)SET("ui_on_text" = '(CHILD_AT_RISK_REG_PIVOT.CHILD_AT_RISK_PIVOT_PK = Get_Child_Risk_Pivot_qry.CHILD_AT_RISK_PIVOT_PK)'),ORDER BY Get_Child_Risk_Pivot_qry.OASYS_SET_PK ASC ; Get_Child_Risk_Pivot_qry.DISPLAY_SORT ASC ; CHILD_AT_RISK_REG_PIVOT.CHILD_AT_RISK_REG_PIVOT_PK ASC SET("distinct_run_as_separate_process" = 'no'; "group_by_run_as_separate_process" = 'no'; "join_run_as_separate_process" = 'no'; "order_by_run_as_separate_process" = 'no'; "run_as_separate_process" = 'no')
 MIS_ROHFA_I_DF,Get_Answer_ROHFA_Qry,Get_Question_ROHFA_Qry,__SAP_LEFT_OUTER_JOIN Para_qry  ON (Get_Question_ROHFA_Qry.OASYS_QUESTION_PK = Para_qry.OASYS_QUESTION_PK)SET("ui_on_text" = '(Get_Question_ROHFA_Qry.OASYS_QUESTION_PK = Para_qry.OASYS_QUESTION_PK)'),
 MIS_ROHSCREENING_I_DF,Get_OASYS_Answer_ROSHSCREENING_Qry,Get_OASYS_Question_ROSHSCREENING_Qry,__SAP_LEFT_OUTER_JOIN Para_qry  ON (Para_qry.OASYS_QUESTION_PK = Get_OASYS_Question_ROSHSCREENING_Qry.OASYS_QUESTION_PK)SET("ui_on_text" = '(Para_qry.OASYS_QUESTION_PK = Get_OASYS_Question_ROSHSCREENING_Qry.OASYS_QUESTION_PK)'),
 MIS_ROHSCREENING_UPD_DF,Para_qry,ROHSCREENING_INT,__SAP_LEFT_OUTER_JOIN ROHFA_INT  ON (ROHFA_INT.ASSESSMENTGUID = ROHSCREENING_INT.ASSESSMENTGUID)SET("ui_on_text" = '(ROHFA_INT.ASSESSMENTGUID = ROHSCREENING_INT.ASSESSMENTGUID)'),
 MIS_ROHSUMMARY_I_DF,Get_OASYS_Answer_ROHSUMMARY_Qry,Get_OASYS_Question_ROSHSUMMARY_Qry,__SAP_LEFT_OUTER_JOIN Para_qry  ON (Para_qry.OASYS_QUESTION_PK = Get_OASYS_Question_ROSHSUMMARY_Qry.OASYS_QUESTION_PK)SET("ui_on_text" = '(Para_qry.OASYS_QUESTION_PK = Get_OASYS_Question_ROSHSUMMARY_Qry.OASYS_QUESTION_PK)'),
 MIS_ROHSUMM_UPD_OFF_DF,CALC_VWRISKLVL_Qry,ROSHSUM_SECTION_Qry,__SAP_LEFT_OUTER_JOIN STG_ROHSUM_VWRISKLVL  ON (ROSHSUM_SECTION_Qry.OASYS_SET_PK = STG_ROHSUM_VWRISKLVL.ASSESSMENTGUID)SET("ui_on_text" = '(ROSHSUM_SECTION_Qry.OASYS_SET_PK = STG_ROHSUM_VWRISKLVL.ASSESSMENTGUID)'),
 MIS_ROHSUMM_UPD_OFF_DF,Get_ROSHSUM_Qry,Get_OASYS_Set_Qry,__SAP_LEFT_OUTER_JOIN STG_ROHSUM_SECTION  ON (STG_ROHSUM_SECTION.OASYS_SET_PK = Get_OASYS_Set_Qry.OASYS_SET_PK)SET("ui_on_text" = '(STG_ROHSUM_SECTION.OASYS_SET_PK = Get_OASYS_Set_Qry.OASYS_SET_PK)'),WHERE (Get_OASYS_Set_Qry.PARENT_OASYS_SET_PK IS  NULL )SET("distinct_run_as_separate_process" = 'no'; "group_by_run_as_separate_process" = 'no'; "join_run_as_separate_process" = 'no'; "order_by_run_as_separate_process" = 'no'; "run_as_separate_process" = 'no')
 MIS_ROH_CHECK_COUNTS_DF,Check_ROHFA_qry,Get_Case_qry,__SAP_LEFT_OUTER_JOIN Group_ROHFA_qry  ON (Get_Case_qry.ASSESSMENTGUID = Group_ROHFA_qry.ASSESSMENTGUID)SET("ui_on_text" = '(Get_Case_qry.ASSESSMENTGUID = Group_ROHFA_qry.ASSESSMENTGUID)'),
 MIS_ROH_CHECK_COUNTS_DF,Check_Summary_qry,Check_ROHFA_qry,__SAP_LEFT_OUTER_JOIN Group_Summary_qry  ON (Check_ROHFA_qry.ASSESSMENTGUID = Group_Summary_qry.ASSESSMENTGUID)SET("ui_on_text" = '(Check_ROHFA_qry.ASSESSMENTGUID = Group_Summary_qry.ASSESSMENTGUID)'),
 MIS_ROH_CHECK_WIP_DF,Check_ROHFA_qry,Get_WIP_qry,__SAP_LEFT_OUTER_JOIN Group_ROFHA_qry  ON (Get_WIP_qry.ASSESSMENTGUID = Group_ROFHA_qry.ASSESSMENTGUID)SET("ui_on_text" = '(Get_WIP_qry.ASSESSMENTGUID = Group_ROFHA_qry.ASSESSMENTGUID)'),
 MIS_ROH_CHECK_WIP_DF,Check_Summary_qry,Check_ROHFA_qry,__SAP_LEFT_OUTER_JOIN Group_Summary_qry  ON (Check_ROHFA_qry.ASSESSMENTGUID = Group_Summary_qry.ASSESSMENTGUID)SET("ui_on_text" = '(Check_ROHFA_qry.ASSESSMENTGUID = Group_Summary_qry.ASSESSMENTGUID)'),
 MIS_RSSP_D_DF,Get_OASYS_Question_RSSP_Qry,Get_REVIEW_Qry,__SAP_LEFT_OUTER_JOIN Get_Question_Outer_qry  ON (Get_Question_Outer_qry.OASYS_SET_PK = Get_REVIEW_Qry.OASYS_SET_PK)SET("ui_on_text" = '(Get_Question_Outer_qry.OASYS_SET_PK = Get_REVIEW_Qry.OASYS_SET_PK)'),
 MIS_RSSP_D_DF,RSSP_Qry,Q_AND_A_RSSP_Qry,__SAP_LEFT_OUTER_JOIN Get_Latest_Counter_qry  ON (Q_AND_A_RSSP_Qry.AssessmentGuid = Get_Latest_Counter_qry.OASYS_SET_PK)SET("ui_on_text" = '(Q_AND_A_RSSP_Qry.AssessmentGuid = Get_Latest_Counter_qry.OASYS_SET_PK)'),
 MIS_RSSP_I_DF,Get_OASYS_Question_RSSP_Qry,Get_REVIEW_Qry,__SAP_LEFT_OUTER_JOIN Get_Question_Outer_qry  ON (Get_Question_Outer_qry.OASYS_SET_PK = Get_REVIEW_Qry.OASYS_SET_PK)SET("ui_on_text" = '(Get_Question_Outer_qry.OASYS_SET_PK = Get_REVIEW_Qry.OASYS_SET_PK)'),
 MIS_RSSP_I_DF,Get_OASYS_Answer_RSSP_Qry,Get_OASYS_Question_RSSP_Qry,__SAP_LEFT_OUTER_JOIN Para_qry  ON (Get_OASYS_Question_RSSP_Qry.OASYS_QUESTION_PK = Para_qry.OASYS_QUESTION_PK)SET("ui_on_text" = '(Get_OASYS_Question_RSSP_Qry.OASYS_QUESTION_PK = Para_qry.OASYS_QUESTION_PK)'),
 MIS_RSSP_I_DF,RSSP_Qry,Q_AND_A_RSSP_Qry,__SAP_LEFT_OUTER_JOIN Get_Latest_Counter_qry  ON (Q_AND_A_RSSP_Qry.AssessmentGuid = Get_Latest_Counter_qry.OASYS_SET_PK)SET("ui_on_text" = '(Q_AND_A_RSSP_Qry.AssessmentGuid = Get_Latest_Counter_qry.OASYS_SET_PK)'),
 MIS_SAQ_I_DF,Get_Answer_SAQ_Qry,Get_Question_SAQ_Qry,__SAP_LEFT_OUTER_JOIN Para_qry  ON (Get_Question_SAQ_Qry.OASYS_QUESTION_PK = Para_qry.OASYS_QUESTION_PK)SET("ui_on_text" = '(Get_Question_SAQ_Qry.OASYS_QUESTION_PK = Para_qry.OASYS_QUESTION_PK)'),
 MIS_SARA_I_DF,SARA_Get_Answer_Qry,SARA_Get_Question_Qry,__SAP_LEFT_OUTER_JOIN Para_qry  ON (SARA_Get_Question_Qry.OASYS_QUESTION_PK = Para_qry.OASYS_QUESTION_PK)SET("ui_on_text" = '(SARA_Get_Question_Qry.OASYS_QUESTION_PK = Para_qry.OASYS_QUESTION_PK)'),
 MIS_SECT1_SENT_STG_SRC_DF,Offence_Section1_Sentence_Qry,Get_Offence_Block_Qry,__SAP_LEFT_OUTER_JOIN ONR_OFFENCE_SENT_DETAIL_VW  ON (Get_Offence_Block_Qry.OFFENCE_BLOCK_PK = ONR_OFFENCE_SENT_DETAIL_VW.OFFENCE_BLOCK_PK)SET("ui_on_text" = '(Get_Offence_Block_Qry.OFFENCE_BLOCK_PK = ONR_OFFENCE_SENT_DETAIL_VW.OFFENCE_BLOCK_PK)'),
 MIS_SECTION10_I_DF,Get_OASYS_Answer_SECTION10_Qry,Get_OASYS_Question_SECTION10_Qry,__SAP_LEFT_OUTER_JOIN Get_REF_Answer_SECTION10_Qry  ON (Get_REF_Answer_SECTION10_Qry.OASYS_QUESTION_PK = Get_OASYS_Question_SECTION10_Qry.OASYS_QUESTION_PK)SET("ui_on_text" = '(Get_REF_Answer_SECTION10_Qry.OASYS_QUESTION_PK = Get_OASYS_Question_SECTION10_Qry.OASYS_QUESTION_PK)'),
 MIS_SECTION11_I_DF,Get_OASYS_Answer_SECTION11_Qry,Get_OASYS_Question_SECTION11_Qry,__SAP_LEFT_OUTER_JOIN Get_REF_Answer_SECTION5_Qry  ON (Get_OASYS_Question_SECTION11_Qry.OASYS_QUESTION_PK = Get_REF_Answer_SECTION5_Qry.OASYS_QUESTION_PK)SET("ui_on_text" = '(Get_OASYS_Question_SECTION11_Qry.OASYS_QUESTION_PK = Get_REF_Answer_SECTION5_Qry.OASYS_QUESTION_PK)'),
 MIS_SECTION12_I_DF,Get_OASYS_Answer_SECTION12_Qry,Get_OASYS_Question_SECTION12_Qry,__SAP_LEFT_OUTER_JOIN Get_REF_Answer_SECTION5_Qry  ON (Get_OASYS_Question_SECTION12_Qry.OASYS_QUESTION_PK = Get_REF_Answer_SECTION5_Qry.OASYS_QUESTION_PK)SET("ui_on_text" = '(Get_OASYS_Question_SECTION12_Qry.OASYS_QUESTION_PK = Get_REF_Answer_SECTION5_Qry.OASYS_QUESTION_PK)'),
 MIS_SECTION13_I_DF,Get_Answer_SECTION13_Qry,Get_Question_SECTION13_Qry,__SAP_LEFT_OUTER_JOIN Get_REF_Answer_SECTION5_Qry  ON (Get_Question_SECTION13_Qry.OASYS_QUESTION_PK = Get_REF_Answer_SECTION5_Qry.OASYS_QUESTION_PK)SET("ui_on_text" = '(Get_Question_SECTION13_Qry.OASYS_QUESTION_PK = Get_REF_Answer_SECTION5_Qry.OASYS_QUESTION_PK)'),
 MIS_SECTION1_I_DF,Get_OASYS_Answer_SECTION1_Qry,Get_OASYS_Question_SECTION1_Qry,__SAP_LEFT_OUTER_JOIN Get_Answer_Qry  ON (Get_OASYS_Question_SECTION1_Qry.OASYS_QUESTION_PK = Get_Answer_Qry.OASYS_QUESTION_PK)SET("ui_on_text" = '(Get_OASYS_Question_SECTION1_Qry.OASYS_QUESTION_PK = Get_Answer_Qry.OASYS_QUESTION_PK)'),
 MIS_SECTION1_SENTENCE_DF,Offence_Reverse_Pivot_Section1_Sentence_Qry,Get_Offence_Pivot_qry,__SAP_LEFT_OUTER_JOIN Get_Main_Offence_qry  ON ((Get_Offence_Pivot_qry.OASYS_SET_PK = Get_Main_Offence_qry.OASYS_SET_PK) AND,(Get_Offence_Pivot_qry.OFFENCE_BLOCK_PK = Get_Main_Offence_qry.OFFENCE_BLOCK_PK))SET("ui_on_text" = '(Get_Offence_Pivot_qry.OASYS_SET_PK = Get_Main_Offence_qry.OASYS_SET_PK) AND (Get_Offence_Pivot_qry.OFFENCE_BLOCK_PK = Get_Main_Offence_qry.OFFENCE_BLOCK_PK)')
 MIS_SECTION1_SENTENCE_DF,Get_Offence_Pivot_qry,Rejoin_5_qry,__SAP_LEFT_OUTER_JOIN CT_OFFENCE_PIVOT  ON ((Rejoin_5_qry.OFFENCE_BLOCK_PK = CT_OFFENCE_PIVOT.OFFENCE_BLOCK_PK) AND,(CT_OFFENCE_PIVOT.ADDITIONAL_OFFENCE_IND = 'N'))SET("ui_on_text" = '(Rejoin_5_qry.OFFENCE_BLOCK_PK = CT_OFFENCE_PIVOT.OFFENCE_BLOCK_PK) AND (CT_OFFENCE_PIVOT.ADDITIONAL_OFFENCE_IND = \'N\')')
 MIS_SECTION1_SENTENCE_DF,Rejoin_1_qry,STG_S1S_OFF_BLK,__SAP_LEFT_OUTER_JOIN STG_S1S_1  ON ((STG_S1S_OFF_BLK.OASYS_SET_PK = STG_S1S_1.OASYS_SET_PK) AND,(STG_S1S_OFF_BLK.OFFENCE_BLOCK_PK = STG_S1S_1.OFFENCE_BLOCK_PK))SET("ui_on_text" = '(STG_S1S_OFF_BLK.OASYS_SET_PK = STG_S1S_1.OASYS_SET_PK) AND (STG_S1S_OFF_BLK.OFFENCE_BLOCK_PK = STG_S1S_1.OFFENCE_BLOCK_PK)')
 MIS_SECTION1_SENTENCE_DF,Rejoin_2_qry,Rejoin_1_qry,__SAP_LEFT_OUTER_JOIN STG_S1S_2  ON ((Rejoin_1_qry.OASYS_SET_PK = STG_S1S_2.OASYS_SET_PK) AND,(Rejoin_1_qry.OFFENCE_BLOCK_PK = STG_S1S_2.OFFENCE_BLOCK_PK))SET("ui_on_text" = '(Rejoin_1_qry.OASYS_SET_PK = STG_S1S_2.OASYS_SET_PK) AND (Rejoin_1_qry.OFFENCE_BLOCK_PK = STG_S1S_2.OFFENCE_BLOCK_PK)')
 MIS_SECTION1_SENTENCE_DF,Rejoin_3_qry,Rejoin_2a_Qry,__SAP_LEFT_OUTER_JOIN STG_S1S_3  ON ((Rejoin_2a_Qry.OASYS_SET_PK = STG_S1S_3.OASYS_SET_PK) AND,(Rejoin_2a_Qry.OFFENCE_BLOCK_PK = STG_S1S_3.OFFENCE_BLOCK_PK))SET("ui_on_text" = '(Rejoin_2a_Qry.OASYS_SET_PK = STG_S1S_3.OASYS_SET_PK) AND (Rejoin_2a_Qry.OFFENCE_BLOCK_PK = STG_S1S_3.OFFENCE_BLOCK_PK)')
 MIS_SECTION1_SENTENCE_DF,Rejoin_4_qry,Rejoin_3_qry,__SAP_LEFT_OUTER_JOIN STG_S1S_4  ON ((Rejoin_3_qry.OASYS_SET_PK = STG_S1S_4.OASYS_SET_PK) AND,(Rejoin_3_qry.OFFENCE_BLOCK_PK = STG_S1S_4.OFFENCE_BLOCK_PK))SET("ui_on_text" = '(Rejoin_3_qry.OASYS_SET_PK = STG_S1S_4.OASYS_SET_PK) AND (Rejoin_3_qry.OFFENCE_BLOCK_PK = STG_S1S_4.OFFENCE_BLOCK_PK)')
 MIS_SECTION1_SENTENCE_DF,Rejoin_5_qry,Rejoin_4_qry,__SAP_LEFT_OUTER_JOIN STG_S1S_5  ON ((Rejoin_4_qry.OASYS_SET_PK = STG_S1S_5.OASYS_SET_PK) AND,(Rejoin_4_qry.OFFENCE_BLOCK_PK = STG_S1S_5.OFFENCE_BLOCK_PK))SET("ui_on_text" = '(Rejoin_4_qry.OASYS_SET_PK = STG_S1S_5.OASYS_SET_PK) AND (Rejoin_4_qry.OFFENCE_BLOCK_PK = STG_S1S_5.OFFENCE_BLOCK_PK)')
 MIS_SECTION1_SENTENCE_DF,Rejoin_2a_Qry,Rejoin_2_qry,__SAP_LEFT_OUTER_JOIN STG_S1S_2A  ON ((Rejoin_2_qry.OASYS_SET_PK = STG_S1S_2A.OASYS_SET_PK) AND,(Rejoin_2_qry.OFFENCE_BLOCK_PK = STG_S1S_2A.OFFENCE_BLOCK_PK))SET("ui_on_text" = '(Rejoin_2_qry.OASYS_SET_PK = STG_S1S_2A.OASYS_SET_PK) AND (Rejoin_2_qry.OFFENCE_BLOCK_PK = STG_S1S_2A.OFFENCE_BLOCK_PK)')
 MIS_SECTION2_I_DF,Get_OASYS_Answer_SECTION2_Qry,Get_OASYS_Question_SECTION2_Qry,__SAP_LEFT_OUTER_JOIN Get_REF_Answer_SECTION2_Qry  ON (Get_REF_Answer_SECTION2_Qry.OASYS_QUESTION_PK = Get_OASYS_Question_SECTION2_Qry.OASYS_QUESTION_PK)SET("ui_on_text" = '(Get_REF_Answer_SECTION2_Qry.OASYS_QUESTION_PK = Get_OASYS_Question_SECTION2_Qry.OASYS_QUESTION_PK)'),
 MIS_SECTION3_I_DF,Get_OASYS_Answer_SECTION3_Qry,Get_OASYS_Question_SECTION3_Qry,__SAP_LEFT_OUTER_JOIN Get_REF_Answer_SECTION3_Qry  ON (Get_REF_Answer_SECTION3_Qry.OASYS_QUESTION_PK = Get_OASYS_Question_SECTION3_Qry.OASYS_QUESTION_PK)SET("ui_on_text" = '(Get_REF_Answer_SECTION3_Qry.OASYS_QUESTION_PK = Get_OASYS_Question_SECTION3_Qry.OASYS_QUESTION_PK)'),
 MIS_SECTION4_I_DF,Get_OASYS_Answer_SECTION4_Qry,Get_OASYS_Question_SECTION4_Qry,__SAP_LEFT_OUTER_JOIN Get_REF_Answer_SECTION4_Qry  ON (Get_REF_Answer_SECTION4_Qry.OASYS_QUESTION_PK = Get_OASYS_Question_SECTION4_Qry.OASYS_QUESTION_PK)SET("ui_on_text" = '(Get_REF_Answer_SECTION4_Qry.OASYS_QUESTION_PK = Get_OASYS_Question_SECTION4_Qry.OASYS_QUESTION_PK)'),
 MIS_SECTION5_I_DF,Get_OASYS_Answer_SECTION5_Qry,Get_OASYS_Question_SECTION5_Qry,__SAP_LEFT_OUTER_JOIN Get_REF_Answer_SECTION5_Qry  ON (Get_OASYS_Question_SECTION5_Qry.OASYS_QUESTION_PK = Get_REF_Answer_SECTION5_Qry.OASYS_QUESTION_PK)SET("ui_on_text" = '(Get_OASYS_Question_SECTION5_Qry.OASYS_QUESTION_PK = Get_REF_Answer_SECTION5_Qry.OASYS_QUESTION_PK)'),
 MIS_SECTION6_I_DF,Get_OASYS_Answer_SECTION6_Qry,Get_OASYS_Question_SECTION6_Qry,__SAP_LEFT_OUTER_JOIN Get_REF_Answer_SECTION6_Qry  ON (Get_REF_Answer_SECTION6_Qry.OASYS_QUESTION_PK = Get_OASYS_Question_SECTION6_Qry.OASYS_QUESTION_PK)SET("ui_on_text" = '(Get_REF_Answer_SECTION6_Qry.OASYS_QUESTION_PK = Get_OASYS_Question_SECTION6_Qry.OASYS_QUESTION_PK)'),
 MIS_SECTION7_I_DF,Get_OASYS_Answer_SECTION7_Qry,Get_OASYS_Question_SECTION7_Qry,__SAP_LEFT_OUTER_JOIN Get_REF_Answer_SECTION5_Qry  ON (Get_REF_Answer_SECTION5_Qry.OASYS_QUESTION_PK = Get_OASYS_Question_SECTION7_Qry.OASYS_QUESTION_PK)SET("ui_on_text" = '(Get_REF_Answer_SECTION5_Qry.OASYS_QUESTION_PK = Get_OASYS_Question_SECTION7_Qry.OASYS_QUESTION_PK)'),
 MIS_SECTION8_I_DF,Get_OASYS_Answer_SECTION8_Qry,Get_OASYS_Question_SECTION8_Qry,__SAP_LEFT_OUTER_JOIN Get_REF_Answer_SECTION5_Qry  ON (Get_REF_Answer_SECTION5_Qry.OASYS_QUESTION_PK = Get_OASYS_Question_SECTION8_Qry.OASYS_QUESTION_PK)SET("ui_on_text" = '(Get_REF_Answer_SECTION5_Qry.OASYS_QUESTION_PK = Get_OASYS_Question_SECTION8_Qry.OASYS_QUESTION_PK)'),
 MIS_SECTION9_I_DF,Get_OASYS_Answer_SECTION9_Qry,Get_OASYS_Question_SECTION9_Qry,__SAP_LEFT_OUTER_JOIN Get_REF_Answer_SECTION5_Qry  ON (Get_OASYS_Question_SECTION9_Qry.OASYS_QUESTION_PK = Get_REF_Answer_SECTION5_Qry.OASYS_QUESTION_PK)SET("ui_on_text" = '(Get_OASYS_Question_SECTION9_Qry.OASYS_QUESTION_PK = Get_REF_Answer_SECTION5_Qry.OASYS_QUESTION_PK)'),
 MIS_SUMMARY_DF,Lookup_SUMMARY_Qry,STG_SUMM_GETSET,__SAP_LEFT_OUTER_JOIN Q_AND_A_SUMMARY_Qry  ON (STG_SUMM_GETSET.OASYS_SET_PK = Q_AND_A_SUMMARY_Qry.ASSESSMENTGUID)SET("ui_on_text" = '(STG_SUMM_GETSET.OASYS_SET_PK = Q_AND_A_SUMMARY_Qry.ASSESSMENTGUID)'),WHERE ((((STG_SUMM_GETSET.REF_ASS_VERSION_CODE = 'LAYER2') OR   (STG_SUMM_GETSET.REF_ASS_VERSION_CODE = 'LAYER3')) OR   (STG_SUMM_GETSET.REF_ASS_VERSION_CODE = 'OASYS1')) OR   (STG_SUMM_GETSET.REF_ASS_VERSION_CODE = 'OASYS2'))SET("distinct_run_as_separate_process" = 'no'; "group_by_run_as_separate_process" = 'no'; "join_run_as_separate_process" = 'yes'; "order_by_run_as_separate_process" = 'no'; "run_as_separate_process" = 'no')
 MIS_SUMMARY_DF,Add_summary_and_scores,STG_SUMM_SECT,__SAP_LEFT_OUTER_JOIN STG_SUMM_SCORES  ON (STG_SUMM_SCORES.OASYS_SET_PK = STG_SUMM_SECT.OASYS_SET_PK)SET("ui_on_text" = '(STG_SUMM_SCORES.OASYS_SET_PK = STG_SUMM_SECT.OASYS_SET_PK)'),
 MIS_SUMMARY_DF,Summary_add_ct_,Lookup_SUMMARY_Qry,__SAP_LEFT_OUTER_JOIN STG_SUMM_OFFBLOCK  ON (Lookup_SUMMARY_Qry.ASSESSMENTGUID = STG_SUMM_OFFBLOCK.OASYS_SET_PK)SET("ui_on_text" = '(Lookup_SUMMARY_Qry.ASSESSMENTGUID = STG_SUMM_OFFBLOCK.OASYS_SET_PK)'),
 MIS_SUPERVISION_PLAN_CURRENT_DF,Re_Join_2_qry,Re_Join_1_qry,__SAP_LEFT_OUTER_JOIN Reverse_Pivot_Who_2  ON ((((Re_Join_1_qry.AssessmentGuid = Reverse_Pivot_Who_2.AssessmentGuid) AND,(Re_Join_1_qry.SSP_OBJECTIVES_IN_SET_PK = Reverse_Pivot_Who_2.SSP_OBJECTIVES_IN_SET_PK)) AND   (Re_Join_1_qry."2_SSP_OBJ_INTERVENE_PIVOT_PK" = Reverse_Pivot_Who_2."2_SSP_OBJ_INTERVENE_PIVOT_PK")) AND   (Re_Join_1_qry."2_SSP_INTERVENTION_IN_SET_PK" = Reverse_Pivot_Who_2."2_SSP_INTERVENTION_IN_SET_PK"))SET("ui_on_text" = '(Re_Join_1_qry.AssessmentGuid = Reverse_Pivot_Who_2.AssessmentGuid) AND (Re_Join_1_qry.SSP_OBJECTIVES_IN_SET_PK = Reverse_Pivot_Who_2.SSP_OBJECTIVES_IN_SET_PK) AND (Re_Join_1_qry."2_SSP_OBJ_INTERVENE_PIVOT_PK" = Reverse_Pivot_Who_2."2_SSP_OBJ_INTERVENE_PIVOT_PK") AND (Re_Join_1_qry."2_SSP_INTERVENTION_IN_SET_PK" = Reverse_Pivot_Who_2."2_SSP_INTERVENTION_IN_SET_PK")')
 MIS_SUPERVISION_PLAN_CURRENT_DF,Re_Join_3_qry,Re_Join_2_qry,__SAP_LEFT_OUTER_JOIN Reverse_Pivot_Who_3  ON ((((Re_Join_2_qry.AssessmentGuid = Reverse_Pivot_Who_3.AssessmentGuid) AND,(Re_Join_2_qry.SSP_OBJECTIVES_IN_SET_PK = Reverse_Pivot_Who_3.SSP_OBJECTIVES_IN_SET_PK)) AND   (Re_Join_2_qry."3_SSP_OBJ_INTERVENE_PIVOT_PK" = Reverse_Pivot_Who_3."3_SSP_OBJ_INTERVENE_PIVOT_PK")) AND   (Re_Join_2_qry."3_SSP_INTERVENTION_IN_SET_PK" = Reverse_Pivot_Who_3."3_SSP_INTERVENTION_IN_SET_PK"))SET("ui_on_text" = '(Re_Join_2_qry.AssessmentGuid = Reverse_Pivot_Who_3.AssessmentGuid) AND (Re_Join_2_qry.SSP_OBJECTIVES_IN_SET_PK = Reverse_Pivot_Who_3.SSP_OBJECTIVES_IN_SET_PK) AND (Re_Join_2_qry."3_SSP_OBJ_INTERVENE_PIVOT_PK" = Reverse_Pivot_Who_3."3_SSP_OBJ_INTERVENE_PIVOT_PK") AND (Re_Join_2_qry."3_SSP_INTERVENTION_IN_SET_PK" = Reverse_Pivot_Who_3."3_SSP_INTERVENTION_IN_SET_PK")')
 MIS_SUPERVISION_PLAN_FUTURE_DF,Re_Join_2_qry,Re_Join_1_qry,__SAP_LEFT_OUTER_JOIN Reverse_Pivot_Who_2  ON ((((Re_Join_1_qry.AssessmentGuid = Reverse_Pivot_Who_2.AssessmentGuid) AND,(Re_Join_1_qry.SSP_OBJECTIVES_IN_SET_PK = Reverse_Pivot_Who_2.SSP_OBJECTIVES_IN_SET_PK)) AND   (Re_Join_1_qry."2_SSP_OBJ_INTERVENE_PIVOT_PK" = Reverse_Pivot_Who_2."2_SSP_OBJ_INTERVENE_PIVOT_PK")) AND   (Re_Join_1_qry."2_SSP_INTERVENTION_IN_SET_PK" = Reverse_Pivot_Who_2."2_SSP_INTERVENTION_IN_SET_PK"))SET("ui_on_text" = '(Re_Join_1_qry.AssessmentGuid = Reverse_Pivot_Who_2.AssessmentGuid) AND (Re_Join_1_qry.SSP_OBJECTIVES_IN_SET_PK = Reverse_Pivot_Who_2.SSP_OBJECTIVES_IN_SET_PK) AND (Re_Join_1_qry."2_SSP_OBJ_INTERVENE_PIVOT_PK" = Reverse_Pivot_Who_2."2_SSP_OBJ_INTERVENE_PIVOT_PK") AND (Re_Join_1_qry."2_SSP_INTERVENTION_IN_SET_PK" = Reverse_Pivot_Who_2."2_SSP_INTERVENTION_IN_SET_PK")')
 MIS_SUPERVISION_PLAN_FUTURE_DF,Re_Join_3_qry,Re_Join_2_qry,__SAP_LEFT_OUTER_JOIN Reverse_Pivot_Who_3  ON ((((Re_Join_2_qry.AssessmentGuid = Reverse_Pivot_Who_3.AssessmentGuid) AND,(Re_Join_2_qry.SSP_OBJECTIVES_IN_SET_PK = Reverse_Pivot_Who_3.SSP_OBJECTIVES_IN_SET_PK)) AND   (Re_Join_2_qry."3_SSP_OBJ_INTERVENE_PIVOT_PK" = Reverse_Pivot_Who_3."3_SSP_OBJ_INTERVENE_PIVOT_PK")) AND   (Re_Join_2_qry."3_SSP_INTERVENTION_IN_SET_PK" = Reverse_Pivot_Who_3."3_SSP_INTERVENTION_IN_SET_PK"))SET("ui_on_text" = '(Re_Join_2_qry.AssessmentGuid = Reverse_Pivot_Who_3.AssessmentGuid) AND (Re_Join_2_qry.SSP_OBJECTIVES_IN_SET_PK = Reverse_Pivot_Who_3.SSP_OBJECTIVES_IN_SET_PK) AND (Re_Join_2_qry."3_SSP_OBJ_INTERVENE_PIVOT_PK" = Reverse_Pivot_Who_3."3_SSP_OBJ_INTERVENE_PIVOT_PK") AND (Re_Join_2_qry."3_SSP_INTERVENTION_IN_SET_PK" = Reverse_Pivot_Who_3."3_SSP_INTERVENTION_IN_SET_PK")')
 MIS_TR_BCS_CASEID_SPLIT_DF,Mappings,Qry_TR_BCS,__SAP_LEFT_OUTER_JOIN Q_AND_A_Reverse_Pivot  ON (Q_AND_A_Reverse_Pivot.OASYS_SET_PK = Qry_TR_BCS.ASSESSMENT_ID)SET("ui_on_text" = '(Q_AND_A_Reverse_Pivot.OASYS_SET_PK = Qry_TR_BCS.ASSESSMENT_ID)'),
 MIS_TR_BCS_CASEID_SPLIT_DF,Mappings,Mappings,__SAP_LEFT_OUTER_JOIN Qry_get_BCS_Resett_officer  ON (Mappings.ASSESSMENTGUID = Qry_get_BCS_Resett_officer.OASYS_SET_PK)SET("ui_on_text" = '(Mappings.ASSESSMENTGUID = Qry_get_BCS_Resett_officer.OASYS_SET_PK)'),
 MIS_TR_BCS_CASEID_SPLIT_DF,Qry_Part2,Query_4,__SAP_LEFT_OUTER_JOIN Query_6  ON (Query_4.ASSESSMENTGUID = Query_6.OASYS_SET_PK)SET("ui_on_text" = '(Query_4.ASSESSMENTGUID = Query_6.OASYS_SET_PK)'),
 MIS_TR_BCS_CASEID_SPLIT_DF,Qry_Part2,Query,__SAP_LEFT_OUTER_JOIN CourtLookup_qry  ON (Query.ASSESSMENTGUID = CourtLookup_qry.ASSESSMENT_ID)SET("ui_on_text" = '(Query.ASSESSMENTGUID = CourtLookup_qry.ASSESSMENT_ID)'),
 MIS_TR_BCS_CASEID_SPLIT_DF,CourtLookup_qry,Court_Qry,__SAP_LEFT_OUTER_JOIN COURT  ON (COURT.COURT_PK = Court_Qry.COURT_PK)SET("ui_on_text" = '(COURT.COURT_PK = Court_Qry.COURT_PK)'),
 MIS_TR_BCS_CASEID_SPLIT_DF,Qry_BcsScreener,Qry_Part1,__SAP_LEFT_OUTER_JOIN OASYS_USER_1  ON (Qry_Part1.BCS_PART_USER = OASYS_USER_1.OASYS_USER_CODE)SET("ui_on_text" = '(Qry_Part1.BCS_PART_USER = OASYS_USER_1.OASYS_USER_CODE)'),
 MIS_TR_BCS_CASEID_SPLIT_I_DF,Get_OASYS_Answer_Qry,Get_OASYS_Question_CASEID_Qry,__SAP_LEFT_OUTER_JOIN Get_REF_Answer_CASEID_Qry  ON (Get_OASYS_Question_CASEID_Qry.OASYS_QUESTION_PK = Get_REF_Answer_CASEID_Qry.OASYS_QUESTION_PK)SET("ui_on_text" = '(Get_OASYS_Question_CASEID_Qry.OASYS_QUESTION_PK = Get_REF_Answer_CASEID_Qry.OASYS_QUESTION_PK)'),
 MIS_TR_BCS_CASEID_SPLIT_I_DF,CourtLookup_qry,Court_Qry,__SAP_LEFT_OUTER_JOIN COURT  ON (Court_Qry.COURT_PK = COURT.COURT_PK)SET("ui_on_text" = '(Court_Qry.COURT_PK = COURT.COURT_PK)'),
 MIS_TR_BCS_CASEID_SPLIT_I_DF,Query_7,Query,__SAP_LEFT_OUTER_JOIN CourtLookup_qry  ON (Query.ASSESSMENTGUID = CourtLookup_qry.ASSESSMENT_ID)SET("ui_on_text" = '(Query.ASSESSMENTGUID = CourtLookup_qry.ASSESSMENT_ID)'),
 MIS_TR_BCS_CASEID_SPLIT_I_DF,Query,Query_4,__SAP_LEFT_OUTER_JOIN Query_6  ON (Query_4.ASSESSMENTGUID = Query_6.OASYS_SET_PK)SET("ui_on_text" = '(Query_4.ASSESSMENTGUID = Query_6.OASYS_SET_PK)'),
 MIS_TR_BCS_CASEID_SPLIT_I_DF,Query_2,Mappings,__SAP_LEFT_OUTER_JOIN Qry_get_BCS_Resett_officer  ON (Mappings.ASSESSMENTGUID = Qry_get_BCS_Resett_officer.OASYS_SET_PK)SET("ui_on_text" = '(Mappings.ASSESSMENTGUID = Qry_get_BCS_Resett_officer.OASYS_SET_PK)'),
 MIS_TR_BCS_CASEID_SPLIT_I_DF,Mappings,Qry_TR_BCS,__SAP_LEFT_OUTER_JOIN Q_AND_A_Reverse_Pivot  ON (Q_AND_A_Reverse_Pivot.OASYS_SET_PK = Qry_TR_BCS.ASSESSMENT_ID)SET("ui_on_text" = '(Q_AND_A_Reverse_Pivot.OASYS_SET_PK = Qry_TR_BCS.ASSESSMENT_ID)'),
 MIS_TR_BCS_CASEID_SPLIT_I_DF,Qry_BcsScreener,Qry_Part1,__SAP_LEFT_OUTER_JOIN OASYS_USER_1  ON (Qry_Part1.BCS_PART_USER = OASYS_USER_1.OASYS_USER_CODE)SET("ui_on_text" = '(Qry_Part1.BCS_PART_USER = OASYS_USER_1.OASYS_USER_CODE)'),
 MIS_TR_BCS_PENDING_DF,INITIAL_DELTA,Query_6,__SAP_LEFT_OUTER_JOIN CT_AREA_EST  ON (Query_6.HOST_CPA = CT_AREA_EST.CT_AREA_EST_CODE)SET("ui_on_text" = '(Query_6.HOST_CPA = CT_AREA_EST.CT_AREA_EST_CODE)'),
 MIS_TR_BCS_RESETT_PLAN_1_DF,Qry_Part2,Qry,__SAP_LEFT_OUTER_JOIN OASYS_BCS_PART  ON ((Qry.ASSESSMENT_ID = OASYS_BCS_PART.OASYS_SET_PK) AND,(OASYS_BCS_PART.BCS_PART_ELM = 'PART_2'))SET("ui_on_text" = '(Qry.ASSESSMENT_ID = OASYS_BCS_PART.OASYS_SET_PK) AND (OASYS_BCS_PART.BCS_PART_ELM = \'PART_2\')')
 MIS_TR_BCS_RESETT_PLAN_1_DF,Qry_Resett_Plan_4,Qry_Resett_Plan_3,__SAP_LEFT_OUTER_JOIN RANKER  ON ((Qry_Resett_Plan_3.ASSESSMENT_ID = RANKER.OASYS_SET_PK) AND,(RANKER.RANKER = 4))SET("ui_on_text" = '(Qry_Resett_Plan_3.ASSESSMENT_ID = RANKER.OASYS_SET_PK) AND (RANKER.RANKER = 4)')
 MIS_TR_BCS_RESETT_PLAN_1_DF,Qry_Resett_Plan_9,Qry_Resett_Plan_8,__SAP_LEFT_OUTER_JOIN RANKER  ON ((Qry_Resett_Plan_8.ASSESSMENT_ID = RANKER.OASYS_SET_PK) AND,(RANKER.RANKER = 9))SET("ui_on_text" = '(Qry_Resett_Plan_8.ASSESSMENT_ID = RANKER.OASYS_SET_PK) AND (RANKER.RANKER = 9)')
 MIS_TR_BCS_RESETT_PLAN_1_DF,Qry_Resett_Plan_8,Qry_Resett_Plan_7,__SAP_LEFT_OUTER_JOIN RANKER  ON ((RANKER.OASYS_SET_PK = Qry_Resett_Plan_7.ASSESSMENT_ID) AND,(RANKER.RANKER = 8))SET("ui_on_text" = '(RANKER.OASYS_SET_PK = Qry_Resett_Plan_7.ASSESSMENT_ID) AND (RANKER.RANKER = 8)')
 MIS_TR_BCS_RESETT_PLAN_1_DF,Qry_Resett_Plan_7,Qry_Resett_Plan_6,__SAP_LEFT_OUTER_JOIN RANKER  ON ((RANKER.OASYS_SET_PK = Qry_Resett_Plan_6.ASSESSMENT_ID) AND,(RANKER.RANKER = 7))SET("ui_on_text" = '(RANKER.OASYS_SET_PK = Qry_Resett_Plan_6.ASSESSMENT_ID) AND (RANKER.RANKER = 7)')
 MIS_TR_BCS_RESETT_PLAN_1_DF,Qry_Resett_Plan_6,Qry_Resett_Plan_5,__SAP_LEFT_OUTER_JOIN RANKER  ON ((Qry_Resett_Plan_5.ASSESSMENT_ID = RANKER.OASYS_SET_PK) AND,(RANKER.RANKER = 6))SET("ui_on_text" = '(Qry_Resett_Plan_5.ASSESSMENT_ID = RANKER.OASYS_SET_PK) AND (RANKER.RANKER = 6)')
 MIS_TR_BCS_RESETT_PLAN_1_DF,Qry_Resett_Plan_5,Qry_Resett_Plan_4,__SAP_LEFT_OUTER_JOIN RANKER  ON ((Qry_Resett_Plan_4.ASSESSMENT_ID = RANKER.OASYS_SET_PK) AND,(RANKER.RANKER = 5))SET("ui_on_text" = '(Qry_Resett_Plan_4.ASSESSMENT_ID = RANKER.OASYS_SET_PK) AND (RANKER.RANKER = 5)')
 MIS_TR_BCS_RESETT_PLAN_1_DF,Qry_Resett_Plan_2,Qry_Resett_Plan_1,__SAP_LEFT_OUTER_JOIN RANKER  ON ((Qry_Resett_Plan_1.ASSESSMENT_ID = RANKER.OASYS_SET_PK) AND,(RANKER.RANKER = 2))SET("ui_on_text" = '(Qry_Resett_Plan_1.ASSESSMENT_ID = RANKER.OASYS_SET_PK) AND (RANKER.RANKER = 2)')
 MIS_TR_BCS_RESETT_PLAN_1_DF,Qry_Resett_Plan_3,Qry_Resett_Plan_2,__SAP_LEFT_OUTER_JOIN RANKER  ON ((RANKER.OASYS_SET_PK = Qry_Resett_Plan_2.ASSESSMENT_ID) AND,(RANKER.RANKER = 3))SET("ui_on_text" = '(RANKER.OASYS_SET_PK = Qry_Resett_Plan_2.ASSESSMENT_ID) AND (RANKER.RANKER = 3)')
 MIS_TR_BCS_RESETT_PLAN_1_DF,Qry_Part2_cont,Qry_Part2,__SAP_LEFT_OUTER_JOIN CT_AREA_EST  ON (Qry_Part2.BCS_PART2_CRC = CT_AREA_EST.CT_AREA_EST_CODE)SET("ui_on_text" = '(Qry_Part2.BCS_PART2_CRC = CT_AREA_EST.CT_AREA_EST_CODE)'),
 MIS_TR_BCS_RESETT_PLAN_1_DF,Qry_Resett_Plan_1,Qry_Part2_cont,__SAP_LEFT_OUTER_JOIN RANKER  ON ((RANKER.OASYS_SET_PK = Qry_Part2_cont.ASSESSMENT_ID) AND,(RANKER.RANKER = 1))SET("ui_on_text" = '(RANKER.OASYS_SET_PK = Qry_Part2_cont.ASSESSMENT_ID) AND (RANKER.RANKER = 1)')
 MIS_TR_BCS_RESETT_PLAN_2_I_DF,Get_OASYS_Answer_Qry,Get_OASYS_Question_SECTION4_Qry,__SAP_LEFT_OUTER_JOIN Get_REF_Answer_SECTION4_Qry  ON (Get_OASYS_Question_SECTION4_Qry.OASYS_QUESTION_PK = Get_REF_Answer_SECTION4_Qry.OASYS_QUESTION_PK)SET("ui_on_text" = '(Get_OASYS_Question_SECTION4_Qry.OASYS_QUESTION_PK = Get_REF_Answer_SECTION4_Qry.OASYS_QUESTION_PK)'),
 MIS_TR_BCS_SCREENING_I_DF,Get_OASYS_Answer_Qry,Get_OASYS_Question_SCREENING_Qry,__SAP_LEFT_OUTER_JOIN Get_REF_Answer_SCREENING_Qry  ON (Get_OASYS_Question_SCREENING_Qry.OASYS_QUESTION_PK = Get_REF_Answer_SCREENING_Qry.OASYS_QUESTION_PK)SET("ui_on_text" = '(Get_OASYS_Question_SCREENING_Qry.OASYS_QUESTION_PK = Get_REF_Answer_SCREENING_Qry.OASYS_QUESTION_PK)'),WHERE (Get_OASYS_Question_SCREENING_Qry.REF_SECTION_CODE = 'TR_RISK')SET("distinct_run_as_separate_process" = 'no'; "group_by_run_as_separate_process" = 'no'; "join_run_as_separate_process" = 'no'; "order_by_run_as_separate_process" = 'no'; "run_as_separate_process" = 'no')
 MIS_TR_BCS_SECTION11_I_DF,Get_OASYS_Answer_Qry,Get_OASYS_Question_SECTION11_Qry,__SAP_LEFT_OUTER_JOIN Get_REF_Answer_SECTION11_Qry  ON (Get_OASYS_Question_SECTION11_Qry.OASYS_QUESTION_PK = Get_REF_Answer_SECTION11_Qry.OASYS_QUESTION_PK)SET("ui_on_text" = '(Get_OASYS_Question_SECTION11_Qry.OASYS_QUESTION_PK = Get_REF_Answer_SECTION11_Qry.OASYS_QUESTION_PK)'),
 MIS_TR_BCS_SECTION12_I_DF,Get_OASYS_Answer_Qry,Get_OASYS_Question_SECTION12_Qry,__SAP_LEFT_OUTER_JOIN Get_REF_Answer_SECTION12_Qry  ON (Get_REF_Answer_SECTION12_Qry.OASYS_QUESTION_PK = Get_OASYS_Question_SECTION12_Qry.OASYS_QUESTION_PK)SET("ui_on_text" = '(Get_REF_Answer_SECTION12_Qry.OASYS_QUESTION_PK = Get_OASYS_Question_SECTION12_Qry.OASYS_QUESTION_PK)'),
 MIS_TR_BCS_SECTION1_D_DF,INITIAL_DELTA,Query_2,__SAP_LEFT_OUTER_JOIN CT_OFFENCE_PIVOT  ON ((CT_OFFENCE_PIVOT.OFFENCE_BLOCK_PK = Query_2.OFFENCE_BLOCK_PK) AND,(CT_OFFENCE_PIVOT.ADDITIONAL_OFFENCE_IND = 'N'))SET("ui_on_text" = '(CT_OFFENCE_PIVOT.OFFENCE_BLOCK_PK = Query_2.OFFENCE_BLOCK_PK) AND (CT_OFFENCE_PIVOT.ADDITIONAL_OFFENCE_IND = \'N\')')
 MIS_TR_BCS_SECTION1_D_DF,Get_OASYS_Answer_Qry,Query_3,__SAP_LEFT_OUTER_JOIN STG_SECT_QUEST_ANS  ON ((STG_SECT_QUEST_ANS.REF_SECTION_CODE = 'TR_SECTION1') AND,(Query_3.OASYS_SET_PK = STG_SECT_QUEST_ANS.OASYS_SET_PK))SET("ui_on_text" = '(STG_SECT_QUEST_ANS.REF_SECTION_CODE = \'TR_SECTION1\') AND (Query_3.OASYS_SET_PK = STG_SECT_QUEST_ANS.OASYS_SET_PK)')
 MIS_TR_BCS_SECTION1_D_DF,Get_OASYS_Answer_Qry_1,Get_OASYS_Answer_Qry,__SAP_LEFT_OUTER_JOIN OFFENCE_BLOCK  ON ((Get_OASYS_Answer_Qry.OASYS_SET_PK = OFFENCE_BLOCK.OASYS_SET_PK) AND,(OFFENCE_BLOCK.OFFENCE_BLOCK_TYPE_ELM = 'CURRENT'))SET("ui_on_text" = '(Get_OASYS_Answer_Qry.OASYS_SET_PK = OFFENCE_BLOCK.OASYS_SET_PK) AND (OFFENCE_BLOCK.OFFENCE_BLOCK_TYPE_ELM = \'CURRENT\')')
 MIS_TR_BCS_SECTION1_I_DF,qry_rmv_blanks,Query_2,__SAP_LEFT_OUTER_JOIN CT_OFFENCE_PIVOT  ON ((CT_OFFENCE_PIVOT.OFFENCE_BLOCK_PK = Query_2.OFFENCE_BLOCK_PK) AND,(CT_OFFENCE_PIVOT.ADDITIONAL_OFFENCE_IND = 'N'))SET("ui_on_text" = '(CT_OFFENCE_PIVOT.OFFENCE_BLOCK_PK = Query_2.OFFENCE_BLOCK_PK) AND (CT_OFFENCE_PIVOT.ADDITIONAL_OFFENCE_IND = \'N\')')
 MIS_TR_BCS_SECTION1_I_DF,qry_rmv_blanks,Get_OASYS_Answer_Qry,__SAP_LEFT_OUTER_JOIN OFFENCE_BLOCK  ON ((Get_OASYS_Answer_Qry.OASYS_SET_PK = OFFENCE_BLOCK.OASYS_SET_PK) AND,(OFFENCE_BLOCK.OFFENCE_BLOCK_TYPE_ELM = 'CURRENT'))SET("ui_on_text" = '(Get_OASYS_Answer_Qry.OASYS_SET_PK = OFFENCE_BLOCK.OASYS_SET_PK) AND (OFFENCE_BLOCK.OFFENCE_BLOCK_TYPE_ELM = \'CURRENT\')')
 MIS_TR_BCS_SECTION1_I_DF,Get_OASYS_Answer_Qry,Qry_all_trans,__SAP_LEFT_OUTER_JOIN Get_OASYS_Answer_Qry_2  ON (Qry_all_trans.OASYS_SET_PK = Get_OASYS_Answer_Qry_2.OASYS_SET_PK)SET("ui_on_text" = '(Qry_all_trans.OASYS_SET_PK = Get_OASYS_Answer_Qry_2.OASYS_SET_PK)'),
 MIS_TR_BCS_SECTION1_I_DF,Get_OASYS_Answer_Qry_2,Get_OASYS_Question_SECTION1_Qry,__SAP_LEFT_OUTER_JOIN Get_REF_Answer_SECTION1_Qry  ON (Get_REF_Answer_SECTION1_Qry.OASYS_QUESTION_PK = Get_OASYS_Question_SECTION1_Qry.OASYS_QUESTION_PK)SET("ui_on_text" = '(Get_REF_Answer_SECTION1_Qry.OASYS_QUESTION_PK = Get_OASYS_Question_SECTION1_Qry.OASYS_QUESTION_PK)'),
 MIS_TR_BCS_SECTION3_I_DF,Get_OASYS_Answer_Qry,Get_OASYS_Question_SECTION3_Qry,__SAP_LEFT_OUTER_JOIN Get_REF_Answer_SECTION3_Qry  ON (Get_REF_Answer_SECTION3_Qry.OASYS_QUESTION_PK = Get_OASYS_Question_SECTION3_Qry.OASYS_QUESTION_PK)SET("ui_on_text" = '(Get_REF_Answer_SECTION3_Qry.OASYS_QUESTION_PK = Get_OASYS_Question_SECTION3_Qry.OASYS_QUESTION_PK)'),
 MIS_TR_BCS_SECTION4_I_DF,Get_OASYS_Answer_Qry,Get_OASYS_Question_SECTION4_Qry,__SAP_LEFT_OUTER_JOIN Get_REF_Answer_SECTION4_Qry  ON (Get_REF_Answer_SECTION4_Qry.OASYS_QUESTION_PK = Get_OASYS_Question_SECTION4_Qry.OASYS_QUESTION_PK)SET("ui_on_text" = '(Get_REF_Answer_SECTION4_Qry.OASYS_QUESTION_PK = Get_OASYS_Question_SECTION4_Qry.OASYS_QUESTION_PK)'),
 MIS_TR_BCS_SECTION5_I_DF,Get_OASYS_Answer_Qry,Get_OASYS_Question_SECTION5_Qry,__SAP_LEFT_OUTER_JOIN Get_REF_Answer_SECTION5_Qry  ON (Get_REF_Answer_SECTION5_Qry.OASYS_QUESTION_PK = Get_OASYS_Question_SECTION5_Qry.OASYS_QUESTION_PK)SET("ui_on_text" = '(Get_REF_Answer_SECTION5_Qry.OASYS_QUESTION_PK = Get_OASYS_Question_SECTION5_Qry.OASYS_QUESTION_PK)'),
 MIS_TR_BCS_SECTION6_I_DF,Get_OASYS_Answer_Qry,Get_OASYS_Question_SECTION6_Qry,__SAP_LEFT_OUTER_JOIN Get_REF_Answer_SECTION6_Qry  ON (Get_OASYS_Question_SECTION6_Qry.OASYS_QUESTION_PK = Get_REF_Answer_SECTION6_Qry.OASYS_QUESTION_PK)SET("ui_on_text" = '(Get_OASYS_Question_SECTION6_Qry.OASYS_QUESTION_PK = Get_REF_Answer_SECTION6_Qry.OASYS_QUESTION_PK)'),
 MIS_TR_BCS_SECTION8_I_DF,Get_OASYS_Answer_Qry,Get_OASYS_Question_SECTION8_Qry,__SAP_LEFT_OUTER_JOIN Get_REF_Answer_SECTION8_Qry  ON (Get_REF_Answer_SECTION8_Qry.OASYS_QUESTION_PK = Get_OASYS_Question_SECTION8_Qry.OASYS_QUESTION_PK)SET("ui_on_text" = '(Get_REF_Answer_SECTION8_Qry.OASYS_QUESTION_PK = Get_OASYS_Question_SECTION8_Qry.OASYS_QUESTION_PK)'),
 ONR_ASSESSMENT_CASEID_DF,Mapping_ASSESSMENT_CASEID_Qry,CASEID_INT,__SAP_LEFT_OUTER_JOIN ASSESSMENT_CASEID_ADDRESS  ON ((CASEID_INT.ASSESSMENTGUID = ASSESSMENT_CASEID_ADDRESS.ASSESSMENT_ID) AND,(ASSESSMENT_CASEID_ADDRESS.ADDRESS_TYPE = 'C'))SET("ui_on_text" = '(CASEID_INT.ASSESSMENTGUID = ASSESSMENT_CASEID_ADDRESS.ASSESSMENT_ID) AND (ASSESSMENT_CASEID_ADDRESS.ADDRESS_TYPE = \'C\')') WHERE ((CASEID_INT.LASTUPD_DATE >= $Gv_Onr_LastRun_DateTime) AND   CASEID_INT.ASSESSMENT_TYPE_ELM IN ('OASYS_1';'OASYS_2';'LAYER_1';'LAYER_2';'LAYER_3'))SET("distinct_run_as_separate_process" = 'no'; "group_by_run_as_separate_process" = 'no'; "join_run_as_separate_process" = 'no'; "order_by_run_as_separate_process" = 'no'; "run_as_separate_process" = 'no')
 ONR_ASSESSMENT_CASEID_DF,Mapping_ADDRESS_IDS_Qry,Mapping_ASSESSMENT_CASEID_Qry,__SAP_LEFT_OUTER_JOIN ASSESSMENT_CASEID_ADDRESS_1  ON ((Mapping_ASSESSMENT_CASEID_Qry.ASSESSMENT_ID = ASSESSMENT_CASEID_ADDRESS_1.ASSESSMENT_ID) AND,(ASSESSMENT_CASEID_ADDRESS_1.ADDRESS_TYPE = 'D'))SET("ui_on_text" = '(Mapping_ASSESSMENT_CASEID_Qry.ASSESSMENT_ID = ASSESSMENT_CASEID_ADDRESS_1.ASSESSMENT_ID) AND (ASSESSMENT_CASEID_ADDRESS_1.ADDRESS_TYPE = \'D\')')
 ONR_ASSESSMENT_DF,Mapping_CONTACT_PERIOD_Qry,GROUP_BY_Qry,__SAP_LEFT_OUTER_JOIN CONTACT_PERIOD  ON (CONTACT_PERIOD.CONTACT_PERIOD_ID = GROUP_BY_Qry.CONTACT_PERIOD_ID)SET("ui_on_text" = '(CONTACT_PERIOD.CONTACT_PERIOD_ID = GROUP_BY_Qry.CONTACT_PERIOD_ID)'),
 ONR_ASSESSMENT_SUMMARY_DF,Mapping_ASSESSMENT_SUMMARY_Qry,ONR_ASSESSMENT_TRANS,__SAP_LEFT_OUTER_JOIN SUMMARY_INT  ON ((SUMMARY_INT.ASSESSMENTGUID = ONR_ASSESSMENT_TRANS.ASSESSMENT_ID) AND,(SUMMARY_INT.LASTUPD_DATE >= $Gv_Onr_LastRun_DateTime))SET("ui_on_text" = '(SUMMARY_INT.ASSESSMENTGUID = ONR_ASSESSMENT_TRANS.ASSESSMENT_ID) AND (SUMMARY_INT.LASTUPD_DATE >= $Gv_Onr_LastRun_DateTime)')
 ONR_BSSP_DF,Mapping_BSSP_Qry,Assmnt_Trans_Qry,__SAP_LEFT_OUTER_JOIN BSSP_INT  ON ((BSSP_INT.ASSESSMENTGUID = Assmnt_Trans_Qry.ASSESSMENT_ID) AND,(BSSP_INT.LASTUPD_DATE >= $Gv_Onr_LastRun_DateTime))SET("ui_on_text" = '(BSSP_INT.ASSESSMENTGUID = Assmnt_Trans_Qry.ASSESSMENT_ID) AND (BSSP_INT.LASTUPD_DATE >= $Gv_Onr_LastRun_DateTime)')
 ONR_OFFENDER_DF,Mapping_ADDRESS_ID_Qry,Mapping_OFFENDER_Qry,__SAP_LEFT_OUTER_JOIN Mapping_OFFENDER_ADDRESS_Qry  ON (Mapping_OFFENDER_Qry.OFFENDER_ID = Mapping_OFFENDER_ADDRESS_Qry.OFFENDER_ID)SET("ui_on_text" = '(Mapping_OFFENDER_Qry.OFFENDER_ID = Mapping_OFFENDER_ADDRESS_Qry.OFFENDER_ID)'),
 ONR_ROH_SCREENING_DF,Mapping_ROH_SCREENING_Qry,Assmnt_Trans_Qry,__SAP_LEFT_OUTER_JOIN ROHSCREENING_INT  ON ((ROHSCREENING_INT.ASSESSMENTGUID = Assmnt_Trans_Qry.ASSESSMENT_ID) AND,(ROHSCREENING_INT.LASTUPD_DATE >= $Gv_Onr_LastRun_DateTime))SET("ui_on_text" = '(ROHSCREENING_INT.ASSESSMENTGUID = Assmnt_Trans_Qry.ASSESSMENT_ID) AND (ROHSCREENING_INT.LASTUPD_DATE >= $Gv_Onr_LastRun_DateTime)')
 ONR_SAQ_DF,Mapping_SAQ_Qry,Assmnt_Trans_Qry,__SAP_LEFT_OUTER_JOIN SAQ_INT  ON ((SAQ_INT.ASSESSMENTGUID = Assmnt_Trans_Qry.ASSESSMENT_ID) AND,(SAQ_INT.LASTUPD_DATE >= $Gv_Onr_LastRun_DateTime))SET("ui_on_text" = '(SAQ_INT.ASSESSMENTGUID = Assmnt_Trans_Qry.ASSESSMENT_ID) AND (SAQ_INT.LASTUPD_DATE >= $Gv_Onr_LastRun_DateTime)')
 ONR_SECTION10_DF,Mapping_SECTION10_Qry,Assmnt_Trans_Qry,__SAP_LEFT_OUTER_JOIN SECTION10_INT  ON ((Assmnt_Trans_Qry.ASSESSMENT_ID = SECTION10_INT.ASSESSMENTGUID) AND,(SECTION10_INT.LASTUPD_DATE >= $Gv_Onr_LastRun_DateTime))SET("ui_on_text" = '(Assmnt_Trans_Qry.ASSESSMENT_ID = SECTION10_INT.ASSESSMENTGUID) AND (SECTION10_INT.LASTUPD_DATE >= $Gv_Onr_LastRun_DateTime)')
 ONR_SECTION10_DF,Mapping_SECTION10_BSSP_Qry,Mapping_SECTION10_Qry,__SAP_LEFT_OUTER_JOIN BSSP_INT  ON ((Mapping_SECTION10_Qry.ASSESSMENT_ID = BSSP_INT.ASSESSMENTGUID) AND,(BSSP_INT.LASTUPD_DATE >= $Gv_Onr_LastRun_DateTime))SET("ui_on_text" = '(Mapping_SECTION10_Qry.ASSESSMENT_ID = BSSP_INT.ASSESSMENTGUID) AND (BSSP_INT.LASTUPD_DATE >= $Gv_Onr_LastRun_DateTime)')
 ONR_SECTION11_DF,Mapping_SECTION11_Qry,Assmnt_Trans_Qry,__SAP_LEFT_OUTER_JOIN SECTION11_INT  ON ((Assmnt_Trans_Qry.ASSESSMENT_ID = SECTION11_INT.ASSESSMENTGUID) AND,(SECTION11_INT.LASTUPD_DATE >= $Gv_Onr_LastRun_DateTime))SET("ui_on_text" = '(Assmnt_Trans_Qry.ASSESSMENT_ID = SECTION11_INT.ASSESSMENTGUID) AND (SECTION11_INT.LASTUPD_DATE >= $Gv_Onr_LastRun_DateTime)')
 ONR_SECTION11_DF,Mapping_SECTION11_BSSP_Qry,Mapping_SECTION11_Qry,__SAP_LEFT_OUTER_JOIN BSSP_INT  ON ((Mapping_SECTION11_Qry.ASSESSMENT_ID = BSSP_INT.ASSESSMENTGUID) AND,(BSSP_INT.LASTUPD_DATE >= $Gv_Onr_LastRun_DateTime))SET("ui_on_text" = '(Mapping_SECTION11_Qry.ASSESSMENT_ID = BSSP_INT.ASSESSMENTGUID) AND (BSSP_INT.LASTUPD_DATE >= $Gv_Onr_LastRun_DateTime)')
 ONR_SECTION12_DF,Mapping_SECTION12_Qry,Assmnt_Trans_Qry,__SAP_LEFT_OUTER_JOIN SECTION12_INT  ON ((Assmnt_Trans_Qry.ASSESSMENT_ID = SECTION12_INT.ASSESSMENTGUID) AND,(SECTION12_INT.LASTUPD_DATE >= $Gv_Onr_LastRun_DateTime))SET("ui_on_text" = '(Assmnt_Trans_Qry.ASSESSMENT_ID = SECTION12_INT.ASSESSMENTGUID) AND (SECTION12_INT.LASTUPD_DATE >= $Gv_Onr_LastRun_DateTime)')
 ONR_SECTION12_DF,Mapping_SECTION12_BSSP_Qry,Mapping_SECTION12_Qry,__SAP_LEFT_OUTER_JOIN BSSP_INT  ON ((Mapping_SECTION12_Qry.ASSESSMENT_ID = BSSP_INT.ASSESSMENTGUID) AND,(BSSP_INT.LASTUPD_DATE >= $Gv_Onr_LastRun_DateTime))SET("ui_on_text" = '(Mapping_SECTION12_Qry.ASSESSMENT_ID = BSSP_INT.ASSESSMENTGUID) AND (BSSP_INT.LASTUPD_DATE >= $Gv_Onr_LastRun_DateTime)')
 ONR_SECTION13_DF,Mapping_SECTION13_Qry,Assmnt_Trans_Qry,__SAP_LEFT_OUTER_JOIN SECTION13_INT  ON ((Assmnt_Trans_Qry.ASSESSMENT_ID = SECTION13_INT.ASSESSMENTGUID) AND,(SECTION13_INT.LASTUPD_DATE >= $Gv_Onr_LastRun_DateTime))SET("ui_on_text" = '(Assmnt_Trans_Qry.ASSESSMENT_ID = SECTION13_INT.ASSESSMENTGUID) AND (SECTION13_INT.LASTUPD_DATE >= $Gv_Onr_LastRun_DateTime)')
 ONR_SECTION1_DF,Mapping_ASSESSMENT_SECTION1_Qry,Assmnt_Trans_Qry,__SAP_LEFT_OUTER_JOIN SECTION1_INT  ON ((SECTION1_INT.LASTUPD_DATE >= $Gv_Onr_LastRun_DateTime) AND,(SECTION1_INT.ASSESSMENTGUID = Assmnt_Trans_Qry.ASSESSMENT_ID))SET("ui_on_text" = '(SECTION1_INT.LASTUPD_DATE >= $Gv_Onr_LastRun_DateTime) AND (SECTION1_INT.ASSESSMENTGUID = Assmnt_Trans_Qry.ASSESSMENT_ID)')
 ONR_SECTION2_DF,Mapping_SECTION2_Qry,Assmnt_Trans_Qry,__SAP_LEFT_OUTER_JOIN SECTION2_INT  ON ((SECTION2_INT.LASTUPD_DATE >= $Gv_Onr_LastRun_DateTime) AND,(SECTION2_INT.ASSESSMENTGUID = Assmnt_Trans_Qry.ASSESSMENT_ID))SET("ui_on_text" = '(SECTION2_INT.LASTUPD_DATE >= $Gv_Onr_LastRun_DateTime) AND (SECTION2_INT.ASSESSMENTGUID = Assmnt_Trans_Qry.ASSESSMENT_ID)')
 ONR_SECTION3_DF,Mapping_SECTION3_1_Qry,Assmnt_Trans_Qry,__SAP_LEFT_OUTER_JOIN SECTION3_INT  ON ((SECTION3_INT.LASTUPD_DATE >= $Gv_Onr_LastRun_DateTime) AND,(SECTION3_INT.ASSESSMENTGUID = Assmnt_Trans_Qry.ASSESSMENT_ID))SET("ui_on_text" = '(SECTION3_INT.LASTUPD_DATE >= $Gv_Onr_LastRun_DateTime) AND (SECTION3_INT.ASSESSMENTGUID = Assmnt_Trans_Qry.ASSESSMENT_ID)')
 ONR_SECTION3_DF,Mapping_SECTION3_BSSP_Qry,Mapping_SECTION3_1_Qry,__SAP_LEFT_OUTER_JOIN BSSP_INT  ON ((Mapping_SECTION3_1_Qry.ASSESSMENT_ID = BSSP_INT.ASSESSMENTGUID) AND,(BSSP_INT.LASTUPD_DATE >= $Gv_Onr_LastRun_DateTime))SET("ui_on_text" = '(Mapping_SECTION3_1_Qry.ASSESSMENT_ID = BSSP_INT.ASSESSMENTGUID) AND (BSSP_INT.LASTUPD_DATE >= $Gv_Onr_LastRun_DateTime)')
 ONR_SECTION4_DF,Mapping_SECTION4_Qry,Assmnt_Trans_Qry,__SAP_LEFT_OUTER_JOIN SECTION4_INT  ON ((SECTION4_INT.LASTUPD_DATE >= $Gv_Onr_LastRun_DateTime) AND,(SECTION4_INT.ASSESSMENTGUID = Assmnt_Trans_Qry.ASSESSMENT_ID))SET("ui_on_text" = '(SECTION4_INT.LASTUPD_DATE >= $Gv_Onr_LastRun_DateTime) AND (SECTION4_INT.ASSESSMENTGUID = Assmnt_Trans_Qry.ASSESSMENT_ID)')
 ONR_SECTION4_DF,bssp_SECTION4_Qry,Mapping_SECTION4_Qry,__SAP_LEFT_OUTER_JOIN BSSP_INT  ON (Mapping_SECTION4_Qry.ASSESSMENT_ID = BSSP_INT.ASSESSMENTGUID)SET("ui_on_text" = '(Mapping_SECTION4_Qry.ASSESSMENT_ID = BSSP_INT.ASSESSMENTGUID)'),
 ONR_SECTION5_DF,Mapping_SECTION5_Qry,Assmnt_Trans_Qry,__SAP_LEFT_OUTER_JOIN SECTION5_INT  ON ((SECTION5_INT.LASTUPD_DATE >= $Gv_Onr_LastRun_DateTime) AND,(SECTION5_INT.ASSESSMENTGUID = Assmnt_Trans_Qry.ASSESSMENT_ID))SET("ui_on_text" = '(SECTION5_INT.LASTUPD_DATE >= $Gv_Onr_LastRun_DateTime) AND (SECTION5_INT.ASSESSMENTGUID = Assmnt_Trans_Qry.ASSESSMENT_ID)')
 ONR_SECTION5_DF,Mapping_SECTION5_BSSP_Qry,Mapping_SECTION5_Qry,__SAP_LEFT_OUTER_JOIN BSSP_INT  ON ((Mapping_SECTION5_Qry.ASSESSMENT_ID = BSSP_INT.ASSESSMENTGUID) AND,(BSSP_INT.LASTUPD_DATE >= $Gv_Onr_LastRun_DateTime))SET("ui_on_text" = '(Mapping_SECTION5_Qry.ASSESSMENT_ID = BSSP_INT.ASSESSMENTGUID) AND (BSSP_INT.LASTUPD_DATE >= $Gv_Onr_LastRun_DateTime)')
 ONR_SECTION6_DF,Mapping_SECTION6_Qry,Assmnt_Trans_Qry,__SAP_LEFT_OUTER_JOIN SECTION6_INT  ON ((Assmnt_Trans_Qry.ASSESSMENT_ID = SECTION6_INT.ASSESSMENTGUID) AND,(SECTION6_INT.LASTUPD_DATE >= $Gv_Onr_LastRun_DateTime))SET("ui_on_text" = '(Assmnt_Trans_Qry.ASSESSMENT_ID = SECTION6_INT.ASSESSMENTGUID) AND (SECTION6_INT.LASTUPD_DATE >= $Gv_Onr_LastRun_DateTime)')
 ONR_SECTION6_DF,Mapping_SECTION6_BSSP_Qry,Mapping_SECTION6_Qry,__SAP_LEFT_OUTER_JOIN BSSP_INT  ON ((Mapping_SECTION6_Qry.ASSESSMENT_ID = BSSP_INT.ASSESSMENTGUID) AND,(BSSP_INT.LASTUPD_DATE >= $Gv_Onr_LastRun_DateTime))SET("ui_on_text" = '(Mapping_SECTION6_Qry.ASSESSMENT_ID = BSSP_INT.ASSESSMENTGUID) AND (BSSP_INT.LASTUPD_DATE >= $Gv_Onr_LastRun_DateTime)')
 ONR_SECTION7_DF,Mapping_SECTION7_Qry,Assmnt_Trans_Qry,__SAP_LEFT_OUTER_JOIN SECTION7_INT  ON ((SECTION7_INT.ASSESSMENTGUID = Assmnt_Trans_Qry.ASSESSMENT_ID) AND,(SECTION7_INT.LASTUPD_DATE >= $Gv_Onr_LastRun_DateTime))SET("ui_on_text" = '(SECTION7_INT.ASSESSMENTGUID = Assmnt_Trans_Qry.ASSESSMENT_ID) AND (SECTION7_INT.LASTUPD_DATE >= $Gv_Onr_LastRun_DateTime)')
 ONR_SECTION7_DF,Mapping_SECTION7_BSSP_Qry,Mapping_SECTION7_Qry,__SAP_LEFT_OUTER_JOIN BSSP_INT  ON ((Mapping_SECTION7_Qry.ASSESSMENT_ID = BSSP_INT.ASSESSMENTGUID) AND,(BSSP_INT.LASTUPD_DATE >= $Gv_Onr_LastRun_DateTime))SET("ui_on_text" = '(Mapping_SECTION7_Qry.ASSESSMENT_ID = BSSP_INT.ASSESSMENTGUID) AND (BSSP_INT.LASTUPD_DATE >= $Gv_Onr_LastRun_DateTime)')
 ONR_SECTION8_DF,Mapping_SECTION8_Qry,Assmnt_Trans_Qry,__SAP_LEFT_OUTER_JOIN SECTION8_INT  ON ((SECTION8_INT.ASSESSMENTGUID = Assmnt_Trans_Qry.ASSESSMENT_ID) AND,(SECTION8_INT.LASTUPD_DATE >= $Gv_Onr_LastRun_DateTime))SET("ui_on_text" = '(SECTION8_INT.ASSESSMENTGUID = Assmnt_Trans_Qry.ASSESSMENT_ID) AND (SECTION8_INT.LASTUPD_DATE >= $Gv_Onr_LastRun_DateTime)')
 ONR_SECTION8_DF,Mapping_SECTION8_BSSP_Qry,Mapping_SECTION8_Qry,__SAP_LEFT_OUTER_JOIN BSSP_INT  ON ((Mapping_SECTION8_Qry.ASSESSMENT_ID = BSSP_INT.ASSESSMENTGUID) AND,(BSSP_INT.LASTUPD_DATE >= $Gv_Onr_LastRun_DateTime))SET("ui_on_text" = '(Mapping_SECTION8_Qry.ASSESSMENT_ID = BSSP_INT.ASSESSMENTGUID) AND (BSSP_INT.LASTUPD_DATE >= $Gv_Onr_LastRun_DateTime)')
 ONR_SECTION9_DF,Mapping_SECTION9_Qry,Assmnt_Trans_Qry,__SAP_LEFT_OUTER_JOIN SECTION9_INT  ON ((SECTION9_INT.LASTUPD_DATE >= $Gv_Onr_LastRun_DateTime) AND,(SECTION9_INT.ASSESSMENTGUID = Assmnt_Trans_Qry.ASSESSMENT_ID))SET("ui_on_text" = '(SECTION9_INT.LASTUPD_DATE >= $Gv_Onr_LastRun_DateTime) AND (SECTION9_INT.ASSESSMENTGUID = Assmnt_Trans_Qry.ASSESSMENT_ID)')
 ONR_SECTION9_DF,Mapping_SECTION9_BSSP_Qry,Mapping_SECTION9_Qry,__SAP_LEFT_OUTER_JOIN BSSP_INT  ON ((Mapping_SECTION9_Qry.ASSESSMENT_ID = BSSP_INT.ASSESSMENTGUID) AND,(BSSP_INT.LASTUPD_DATE >= $Gv_Onr_LastRun_DateTime))SET("ui_on_text" = '(Mapping_SECTION9_Qry.ASSESSMENT_ID = BSSP_INT.ASSESSMENTGUID) AND (BSSP_INT.LASTUPD_DATE >= $Gv_Onr_LastRun_DateTime)')
 ONR_TR_BCS_CASEID_DF,Mapping_CONTACT_PERIOD_Qry,GROUP_BY_Qry,__SAP_LEFT_OUTER_JOIN CONTACT_PERIOD  ON (CONTACT_PERIOD.CONTACT_PERIOD_ID = GROUP_BY_Qry.CONTACT_PERIOD_ID)SET("ui_on_text" = '(CONTACT_PERIOD.CONTACT_PERIOD_ID = GROUP_BY_Qry.CONTACT_PERIOD_ID)'),
 ONR_TR_BCS_RESETT_PLAN_DF,TrBcs_ResetPlan_Qry,TR_BCS_CASEID_INT,__SAP_LEFT_OUTER_JOIN TR_BCS_RESETT_PLAN_INT  ON (TR_BCS_RESETT_PLAN_INT.ASSESSMENTGUID = TR_BCS_CASEID_INT.ASSESSMENTGUID)SET("ui_on_text" = '(TR_BCS_RESETT_PLAN_INT.ASSESSMENTGUID = TR_BCS_CASEID_INT.ASSESSMENTGUID)'),WHERE (TR_BCS_CASEID_INT.LASTUPD_DATE >= $Gv_Onr_LastRun_DateTime)SET("distinct_run_as_separate_process" = 'no'; "group_by_run_as_separate_process" = 'no'; "join_run_as_separate_process" = 'no'; "order_by_run_as_separate_process" = 'no'; "run_as_separate_process" = 'no')
 ONR_TR_BCS_SCREENING_DF,TrBcs_Screening_Qry,TR_BCS_CASEID_INT,__SAP_LEFT_OUTER_JOIN TR_BCS_SCREENING_INT  ON (TR_BCS_SCREENING_INT.ASSESSMENTGUID = TR_BCS_CASEID_INT.ASSESSMENTGUID)SET("ui_on_text" = '(TR_BCS_SCREENING_INT.ASSESSMENTGUID = TR_BCS_CASEID_INT.ASSESSMENTGUID)'),WHERE (TR_BCS_CASEID_INT.LASTUPD_DATE >= $Gv_Onr_LastRun_DateTime)SET("distinct_run_as_separate_process" = 'no'; "group_by_run_as_separate_process" = 'no'; "join_run_as_separate_process" = 'no'; "order_by_run_as_separate_process" = 'no'; "run_as_separate_process" = 'no')
 ONR_TR_BCS_SECTION11_DF,TrBcs_Section11_Qry,TR_BCS_CASEID_INT,__SAP_LEFT_OUTER_JOIN TR_BCS_SECTION11_INT  ON (TR_BCS_SECTION11_INT.ASSESSMENTGUID = TR_BCS_CASEID_INT.ASSESSMENTGUID)SET("ui_on_text" = '(TR_BCS_SECTION11_INT.ASSESSMENTGUID = TR_BCS_CASEID_INT.ASSESSMENTGUID)'),WHERE (TR_BCS_CASEID_INT.LASTUPD_DATE >= $Gv_Onr_LastRun_DateTime)SET("distinct_run_as_separate_process" = 'no'; "group_by_run_as_separate_process" = 'no'; "join_run_as_separate_process" = 'no'; "order_by_run_as_separate_process" = 'no'; "run_as_separate_process" = 'no')
 ONR_TR_BCS_SECTION12_DF,TrBcs_Section12_Qry,TR_BCS_CASEID_INT,__SAP_LEFT_OUTER_JOIN TR_BCS_SECTION12_INT  ON (TR_BCS_SECTION12_INT.ASSESSMENTGUID = TR_BCS_CASEID_INT.ASSESSMENTGUID)SET("ui_on_text" = '(TR_BCS_SECTION12_INT.ASSESSMENTGUID = TR_BCS_CASEID_INT.ASSESSMENTGUID)'),WHERE (TR_BCS_CASEID_INT.LASTUPD_DATE >= $Gv_Onr_LastRun_DateTime)SET("distinct_run_as_separate_process" = 'no'; "group_by_run_as_separate_process" = 'no'; "join_run_as_separate_process" = 'no'; "order_by_run_as_separate_process" = 'no'; "run_as_separate_process" = 'no')
 ONR_TR_BCS_SECTION1_DF,TrBcs_Qry,TR_BCS_CASEID_INT,__SAP_LEFT_OUTER_JOIN TR_BCS_SECTION1_INT  ON (TR_BCS_SECTION1_INT.ASSESSMENTGUID = TR_BCS_CASEID_INT.ASSESSMENTGUID)SET("ui_on_text" = '(TR_BCS_SECTION1_INT.ASSESSMENTGUID = TR_BCS_CASEID_INT.ASSESSMENTGUID)'),WHERE (TR_BCS_CASEID_INT.LASTUPD_DATE >= $Gv_Onr_LastRun_DateTime)SET("distinct_run_as_separate_process" = 'no'; "group_by_run_as_separate_process" = 'no'; "join_run_as_separate_process" = 'no'; "order_by_run_as_separate_process" = 'no'; "run_as_separate_process" = 'no')
 ONR_TR_BCS_SECTION3_DF,TrBcs_Section3_Qry,TR_BCS_CASEID_INT,__SAP_LEFT_OUTER_JOIN TR_BCS_SECTION3_INT  ON (TR_BCS_SECTION3_INT.ASSESSMENTGUID = TR_BCS_CASEID_INT.ASSESSMENTGUID)SET("ui_on_text" = '(TR_BCS_SECTION3_INT.ASSESSMENTGUID = TR_BCS_CASEID_INT.ASSESSMENTGUID)'),WHERE (TR_BCS_CASEID_INT.LASTUPD_DATE >= $Gv_Onr_LastRun_DateTime)SET("distinct_run_as_separate_process" = 'no'; "group_by_run_as_separate_process" = 'no'; "join_run_as_separate_process" = 'no'; "order_by_run_as_separate_process" = 'no'; "run_as_separate_process" = 'no')
 ONR_TR_BCS_SECTION4_DF,TrBcs_Section4_Qry,TR_BCS_CASEID_INT,__SAP_LEFT_OUTER_JOIN TR_BCS_SECTION4_INT  ON (TR_BCS_SECTION4_INT.ASSESSMENTGUID = TR_BCS_CASEID_INT.ASSESSMENTGUID)SET("ui_on_text" = '(TR_BCS_SECTION4_INT.ASSESSMENTGUID = TR_BCS_CASEID_INT.ASSESSMENTGUID)'),WHERE (TR_BCS_CASEID_INT.LASTUPD_DATE >= $Gv_Onr_LastRun_DateTime)SET("distinct_run_as_separate_process" = 'no'; "group_by_run_as_separate_process" = 'no'; "join_run_as_separate_process" = 'no'; "order_by_run_as_separate_process" = 'no'; "run_as_separate_process" = 'no')
 ONR_TR_BCS_SECTION5_DF,TrBcs_Section5_Qry,TR_BCS_CASEID_INT,__SAP_LEFT_OUTER_JOIN TR_BCS_SECTION5_INT  ON (TR_BCS_SECTION5_INT.ASSESSMENTGUID = TR_BCS_CASEID_INT.ASSESSMENTGUID)SET("ui_on_text" = '(TR_BCS_SECTION5_INT.ASSESSMENTGUID = TR_BCS_CASEID_INT.ASSESSMENTGUID)'),WHERE (TR_BCS_CASEID_INT.LASTUPD_DATE >= $Gv_Onr_LastRun_DateTime)SET("distinct_run_as_separate_process" = 'no'; "group_by_run_as_separate_process" = 'no'; "join_run_as_separate_process" = 'no'; "order_by_run_as_separate_process" = 'no'; "run_as_separate_process" = 'no')
 ONR_TR_BCS_SECTION6_DF,TrBcs_Section6_Qry,TR_BCS_CASEID_INT,__SAP_LEFT_OUTER_JOIN TR_BCS_SECTION6_INT  ON (TR_BCS_SECTION6_INT.ASSESSMENTGUID = TR_BCS_CASEID_INT.ASSESSMENTGUID)SET("ui_on_text" = '(TR_BCS_SECTION6_INT.ASSESSMENTGUID = TR_BCS_CASEID_INT.ASSESSMENTGUID)'),WHERE (TR_BCS_CASEID_INT.LASTUPD_DATE >= $Gv_Onr_LastRun_DateTime)SET("distinct_run_as_separate_process" = 'no'; "group_by_run_as_separate_process" = 'no'; "join_run_as_separate_process" = 'no'; "order_by_run_as_separate_process" = 'no'; "run_as_separate_process" = 'no')
 ONR_TR_BCS_SECTION8_DF,TrBcs_Section8_Qry,TR_BCS_CASEID_INT,__SAP_LEFT_OUTER_JOIN TR_BCS_SECTION8_INT  ON (TR_BCS_SECTION8_INT.ASSESSMENTGUID = TR_BCS_CASEID_INT.ASSESSMENTGUID)SET("ui_on_text" = '(TR_BCS_SECTION8_INT.ASSESSMENTGUID = TR_BCS_CASEID_INT.ASSESSMENTGUID)'),WHERE (TR_BCS_CASEID_INT.LASTUPD_DATE >= $Gv_Onr_LastRun_DateTime)SET("distinct_run_as_separate_process" = 'no'; "group_by_run_as_separate_process" = 'no'; "join_run_as_separate_process" = 'no'; "order_by_run_as_separate_process" = 'no'; "run_as_separate_process" = 'no')
