 MIS_CASE_ID_STG_4_DF,MIG_GET_ASS_STATUS_qry,WHERE ((CaseID_Assmnt_Grp_Qry.OASYS_SET_PK = MIG_Legacy_Reverse_Pivot.OASYS_SET_PK) AND(CaseID_Assmnt_Grp_Qry.MIG_GUID IS NOT  NULL )),LEFTOUTERJOIN ( CaseID_Assmnt_Grp_Qry ; MIG_Legacy_Reverse_Pivot ),,,
 MIS_CASE_ID_STG_1_DF,CaseID_join_offence_block,WHERE offence_block_CASEID_Qry.OFFENCE_BLOCK_PK = ONR_OFFENCE_SENT_DETAIL_VW.OFFENCE_BLOCK_PK,LEFTOUTERJOIN ( offence_block_CASEID_Qry ; ONR_OFFENCE_SENT_DETAIL_VW ),,,
 MIS_CASE_ID_STG_4_D_DF,MIG_GET_ASS_STATUS_qry,WHERE ((CaseID_Assmnt_Grp_Qry.OASYS_SET_PK = MIG_Legacy_Reverse_Pivot.OASYS_SET_PK) AND(CaseID_Assmnt_Grp_Qry.MIG_GUID IS NOT  NULL )),LEFTOUTERJOIN ( CaseID_Assmnt_Grp_Qry ; MIG_Legacy_Reverse_Pivot ),,,
 MIS_CASE_ID_DF,CaseID_Additional_Details_Qry,REF_ASS_VERSION.VERSION_NUMBER = CaseID_Filter_AssessmentTypes_qry.VERSION_NUMBER,LEFTOUTERJOIN ( CaseID_Filter_AssessmentTypes_qry ; COURT ),,,
 MIS_CASE_ID_DF,Offence_Sentence_Detail_Qry,(STG_CASE_SENTPURP.OASYS_SET_PK = Offence_Block_Qry.OASYS_SET_PK)),LEFTOUTERJOIN ( Offence_Block_Qry ; STG_CASE_PROPADDREQ ),,,
 MIS_TR_BCS_CASEID_SPLIT_I_DF,Get_OASYS_Answer_Qry,WHERE (Get_OASYS_Question_CASEID_Qry.OASYS_QUESTION_PK = Get_REF_Answer_CASEID_Qry.OASYS_QUESTION_PK),LEFTOUTERJOIN ( Get_OASYS_Question_CASEID_Qry ; Get_REF_Answer_CASEID_Qry ),,,
 MIS_TR_BCS_CASEID_SPLIT_I_DF,CourtLookup_qry,WHERE Court_Qry.COURT_PK = COURT.COURT_PK,LEFTOUTERJOIN ( Court_Qry ; COURT ),,,
 MIS_TR_BCS_CASEID_SPLIT_I_DF,Query_7,WHERE (Query.ASSESSMENTGUID = CourtLookup_qry.ASSESSMENT_ID),LEFTOUTERJOIN ( Query ; CourtLookup_qry ),,,
 MIS_TR_BCS_CASEID_SPLIT_I_DF,Query,WHERE (Query_4.ASSESSMENTGUID = Query_6.OASYS_SET_PK),LEFTOUTERJOIN ( Query_4 ; Query_6 ),,,
 MIS_TR_BCS_CASEID_SPLIT_I_DF,Query_2,WHERE (Mappings.ASSESSMENTGUID = Qry_get_BCS_Resett_officer.OASYS_SET_PK),LEFTOUTERJOIN ( Mappings ; Qry_get_BCS_Resett_officer ),,,
 MIS_TR_BCS_CASEID_SPLIT_I_DF,Mappings,WHERE (Q_AND_A_Reverse_Pivot.OASYS_SET_PK = Qry_TR_BCS.ASSESSMENT_ID),LEFTOUTERJOIN ( Qry_TR_BCS ; Q_AND_A_Reverse_Pivot ),,,
 MIS_TR_BCS_CASEID_SPLIT_I_DF,Qry_BcsScreener,WHERE Qry_Part1.BCS_PART_USER = OASYS_USER_1.OASYS_USER_CODE,LEFTOUTERJOIN ( Qry_Part1 ; OASYS_USER_1 ),,,
 MIS_TR_BCS_CASEID_SPLIT_DF,Mappings,WHERE (Q_AND_A_Reverse_Pivot.OASYS_SET_PK = Qry_TR_BCS.ASSESSMENT_ID),LEFTOUTERJOIN ( Qry_TR_BCS ; Q_AND_A_Reverse_Pivot ),,,
 MIS_TR_BCS_CASEID_SPLIT_DF,Mappings,WHERE Mappings.ASSESSMENTGUID=Qry_get_BCS_Resett_officer.OASYS_SET_PK,LEFTOUTERJOIN ( Mappings ; Qry_get_BCS_Resett_officer ),,,
 MIS_TR_BCS_CASEID_SPLIT_DF,Qry_Part2,WHERE Query_4.ASSESSMENTGUID=Query_6.OASYS_SET_PK,LEFTOUTERJOIN ( Query_4 ; Query_6 ),,,
 MIS_TR_BCS_CASEID_SPLIT_DF,Qry_Part2,WHERE Query.ASSESSMENTGUID = CourtLookup_qry.ASSESSMENT_ID,LEFTOUTERJOIN ( Query ; CourtLookup_qry ),,,
 MIS_TR_BCS_CASEID_SPLIT_DF,CourtLookup_qry,WHERE COURT.COURT_PK = Court_Qry.COURT_PK,LEFTOUTERJOIN ( Court_Qry ; COURT ),,,
 MIS_TR_BCS_CASEID_SPLIT_DF,Qry_BcsScreener,WHERE Qry_Part1.BCS_PART_USER = OASYS_USER_1.OASYS_USER_CODE,LEFTOUTERJOIN ( Qry_Part1 ; OASYS_USER_1 ),,,
 MIS_OFFENDER_DF,Join_Set_Qry,WHERE Derive_Controlling_Owner_Qry.OFFENDER_PK = STG_OFF_AREA.OFFENDER_PK,LEFTOUTERJOIN ( Derive_Controlling_Owner_Qry ; STG_OFF_AREA ),,,
 MIS_OFFENDER_DF,Join_Temporary_Access_Qry,WHERE Join_User_Area_Qry.OFFENDER_PK = Get_Temporary_Access_Qry.OFFENDER_PK,LEFTOUTERJOIN ( Join_User_Area_Qry ; Get_Temporary_Access_Qry ),,,
 MIS_OFFENDER_DF,Join_Offender_Manager_Qry,WHERE Join_Temporary_Access_Qry.OFFENDER_PK = Join_Controlling_Owner_Qry.OFFENDER_PK,LEFTOUTERJOIN ( Join_Temporary_Access_Qry ; Join_Controlling_Owner_Qry ),,,
 MIS_OFFENDER_DF,Join_Offender_Team_Qry,USER_AREA.CT_AREA_EST_CODE = Join_Offender_Manager_Qry.PRIMARY_LOCATION_AREA,LEFTOUTERJOIN ( Join_Offender_Manager_Qry ; USER_AREA ),,,
 MIS_OFFENDER_DF,GrpByOffndr_Qry,WHERE Get_RESETT_OFF_Qry.OFFENDER_PK=Off_lookup_Qry.OFFENDERGUID,LEFTOUTERJOIN ( Off_lookup_Qry ; Get_RESETT_OFF_Qry ),,,
 MIS_OFFENDER_DF,Get_RESETT_OFF_Qry,WHERE Get_Offender_Qry.HOST_CRC=CT_AREA_EST.CT_AREA_EST_CODE,LEFTOUTERJOIN ( Get_Offender_Qry ; CT_AREA_EST ),,,
 MIS_ROHSCREENING_I_DF,Get_OASYS_Answer_ROSHSCREENING_Qry,WHERE Para_qry.OASYS_QUESTION_PK = Get_OASYS_Question_ROSHSCREENING_Qry.OASYS_QUESTION_PK,LEFTOUTERJOIN ( Get_OASYS_Question_ROSHSCREENING_Qry ; Para_qry ),,,
 MIS_ROHSUMMARY_I_DF,Get_OASYS_Answer_ROHSUMMARY_Qry,WHERE Para_qry.OASYS_QUESTION_PK = Get_OASYS_Question_ROSHSUMMARY_Qry.OASYS_QUESTION_PK,LEFTOUTERJOIN ( Get_OASYS_Question_ROSHSUMMARY_Qry ; Para_qry ),,,
 MIS_ROHSUMM_UPD_OFF_DF,CALC_VWRISKLVL_Qry,WHERE ROSHSUM_SECTION_Qry.OASYS_SET_PK = STG_ROHSUM_VWRISKLVL.ASSESSMENTGUID,LEFTOUTERJOIN ( ROSHSUM_SECTION_Qry ; STG_ROHSUM_VWRISKLVL ),,,
 MIS_ROHSUMM_UPD_OFF_DF,Get_ROSHSUM_Qry,WHERE STG_ROHSUM_SECTION.OASYS_SET_PK = Get_OASYS_Set_Qry.OASYS_SET_PK andGet_OASYS_Set_Qry.PARENT_OASYS_SET_PK is null,LEFTOUTERJOIN ( Get_OASYS_Set_Qry ; STG_ROHSUM_SECTION ),,,
 MIS_ROHFA_I_DF,Get_Answer_ROHFA_Qry,WHERE Get_Question_ROHFA_Qry.OASYS_QUESTION_PK = Para_qry.OASYS_QUESTION_PK,LEFTOUTERJOIN ( Get_Question_ROHFA_Qry ; Para_qry ),,,
 MIS_ROH_CHECK_WIP_DF,Check_ROHFA_qry,WHERE Get_WIP_qry.ASSESSMENTGUID = Group_ROFHA_qry.ASSESSMENTGUID,LEFTOUTERJOIN ( Get_WIP_qry ; Group_ROFHA_qry ),,,
 MIS_ROH_CHECK_WIP_DF,Check_Summary_qry,WHERE Check_ROHFA_qry.ASSESSMENTGUID = Group_Summary_qry.ASSESSMENTGUID,LEFTOUTERJOIN ( Check_ROHFA_qry ; Group_Summary_qry ),,,
 MIS_ROH_CHECK_COUNTS_DF,Check_ROHFA_qry,WHERE Get_Case_qry.ASSESSMENTGUID = Group_ROHFA_qry.ASSESSMENTGUID,LEFTOUTERJOIN ( Get_Case_qry ; Group_ROHFA_qry ),,,
 MIS_ROH_CHECK_COUNTS_DF,Check_Summary_qry,WHERE Check_ROHFA_qry.ASSESSMENTGUID = Group_Summary_qry.ASSESSMENTGUID,LEFTOUTERJOIN ( Check_ROHFA_qry ; Group_Summary_qry ),,,
 MIS_ROHSCREENING_UPD_DF,Group_Summary_qry,WHERE ROHFA_INT.ASSESSMENTGUID = ROHSCREENING_INT.ASSESSMENTGUID,LEFTOUTERJOIN ( ROHSCREENING_INT ; ROHFA_INT ),,,
 MIS_PSRREP_DF,Join_Question_Qry,WHERE (Join_Latest_CR_PK_Qry.OASYS_SET_PK = Get_MIG7_Question_Qry.OASYS_SET_PK),LEFTOUTERJOIN ( Join_Latest_CR_PK_Qry ; Get_MIG7_Question_Qry ),,,
 MIS_PSRREP_D_DF,Join_Question_Qry,WHERE (Join_Latest_CR_PK_Qry.OASYS_SET_PK = Get_MIG7_Question_Qry.OASYS_SET_PK),LEFTOUTERJOIN ( Join_Latest_CR_PK_Qry ; Get_MIG7_Question_Qry ),,,
 MIS_PSR_DF,Qry_Include_PSR_OFFENCE,WHERE Qry_Include_OASYS_SIGNING.OASYS_SET_PK = SubDesc_Qry.OASYS_SET_PK,LEFTOUTERJOIN ( Qry_Include_OASYS_SIGNING ; SubDesc_Qry ),,,
 MIS_PSR_DF,Qry_Include_OASYS_QUESTION,WHERE Qry_Get_OASYS_SET_PK.OASYS_SET_PK = Qry_Include_DOCUMENT_HISTORY.OASYS_SET_PK,LEFTOUTERJOIN ( Qry_Include_DOCUMENT_HISTORY ; Qry_Get_OASYS_SET_PK ),,,
 MIS_PSR_D_DF,Qry_Include_PSR_OFFENCE,WHERE Qry_Include_OASYS_SIGNING.OASYS_SET_PK = SubDesc_Qry.OASYS_SET_PK,LEFTOUTERJOIN ( Qry_Include_OASYS_SIGNING ; SubDesc_Qry ),,,
 MIS_PSR_D_DF,Qry_Include_OASYS_QUESTION,WHERE STG_SECT_QUEST_ANS.OASYS_SET_PK = Qry_Include_DOCUMENT_HISTORY.OASYS_SET_PKAND STG_SECT_QUEST_ANS.REF_SECTION_CODE = 'CASEID_MIG'AND STG_SECT_QUEST_ANS.REF_QUESTION_CODE = 'MIG.6',LEFTOUTERJOIN ( Qry_Include_DOCUMENT_HISTORY ; STG_SECT_QUEST_ANS ),,,
 MIS_SAQ_I_DF,Get_Answer_SAQ_Qry,FROM Get_Question_SAQ_Qry; Para_qryWHERE Get_Question_SAQ_Qry.OASYS_QUESTION_PK = Para_qry.OASYS_QUESTION_PK,LEFTOUTERJOIN ( Get_Question_SAQ_Qry ; Para_qry ),,,
 MIS_RM2000_I_DF,RM2000_Get_Answer_Qry,FROM RM2000_Get_Question_Qry; Para_qryWHERE RM2000_Get_Question_Qry.OASYS_QUESTION_PK = Para_qry.OASYS_QUESTION_PK,LEFTOUTERJOIN ( RM2000_Get_Question_Qry ; Para_qry ),,,
 MIS_BSSP_STG_2_DF,Long_to_Varchar_BSSP_qry,FROM Get_Basic_Qry; ONR_BASIC_SENTENCE_PLAN_OBJ_VWWHERE ONR_BASIC_SENTENCE_PLAN_OBJ_VW.OASYS_SET_PK = Get_Basic_Qry.OASYS_SET_PK,ORDER BY  ONR_BASIC_SENTENCE_PLAN_OBJ_VW.OASYS_SET_PK asc;  ONR_BASIC_SENTENCE_PLAN_OBJ_VW.BASIC_SENT_PLAN_OBJ_PK asc,  ONR_BASIC_SENTENCE_PLAN_OBJ_VW.DISPLAY_SORT asc LEFTOUTERJOIN ( Get_Basic_Qry , ONR_BASIC_SENTENCE_PLAN_OBJ_VW ),
 MIS_BSSP_STG_1_DF,Get_OASYS_Answer_BSSP_Qry,FROM Get_OASYS_Question_BSSP_Qry; Para_qryWHERE Get_OASYS_Question_BSSP_Qry.OASYS_QUESTION_PK = Para_qry.OASYS_QUESTION_PK,LEFTOUTERJOIN ( Get_OASYS_Question_BSSP_Qry ; Para_qry ),,,
 MIS_BSSP_I_DF,Lookup_BSSP_Qry,FROM BSSP_Qry; STG_BSSP_3WHERE STG_BSSP_3.ASSESSMENTGUID = BSSP_Qry.ASSESSMENTGUID,LEFTOUTERJOIN ( BSSP_Qry ; STG_BSSP_3 ),,,
 MIS_ISSP_I_DF,Get_OASYS_Question_ISSP_Qry,FROM Data_Transfer; Data_Transfer_1WHERE (Data_Transfer_1.OASYS_SET_PK = Data_Transfer.OASYS_SET_PK),LEFTOUTERJOIN ( Data_Transfer ; Data_Transfer_1 ),,,
 MIS_ISSP_I_DF,Get_OASYS_Answer_ISSP_Qry,FROM Get_OASYS_Question_ISSP_Qry; Para_qryWHERE Get_OASYS_Question_ISSP_Qry.OASYS_QUESTION_PK = Para_qry.OASYS_QUESTION_PK,LEFTOUTERJOIN ( Get_OASYS_Question_ISSP_Qry ; Para_qry ),,,
 MIS_ISSP_I_DF,ISSP_Qry,FROM Q_AND_A_ISSP_Qry; Get_Latest_Counter_qryWHERE Q_AND_A_ISSP_Qry.AssessmentGuid = Get_Latest_Counter_qry.OASYS_SET_PK,LEFTOUTERJOIN ( Q_AND_A_ISSP_Qry ; Get_Latest_Counter_qry ),,,
 MIS_ISSP_D_DF,Get_OASYS_Question_ISSP_Qry,FROM Get_INITIAL_Qry; Get_Question_Outer_qryWHERE Get_Question_Outer_qry.OASYS_SET_PK = Get_INITIAL_Qry.OASYS_SET_PK,LEFTOUTERJOIN ( Get_INITIAL_Qry ; Get_Question_Outer_qry ),,,
 MIS_ISSP_D_DF,ISSP_Qry,FROM Q_AND_A_ISSP_Qry; Get_Latest_Counter_qryWHERE Q_AND_A_ISSP_Qry.AssessmentGuid = Get_Latest_Counter_qry.OASYS_SET_PK,LEFTOUTERJOIN ( Q_AND_A_ISSP_Qry ; Get_Latest_Counter_qry ),,,
 MIS_RSSP_I_DF,Get_OASYS_Question_RSSP_Qry,FROM Get_REVIEW_Qry; Get_Question_Outer_qryWHERE Get_Question_Outer_qry.OASYS_SET_PK = Get_REVIEW_Qry.OASYS_SET_PK,LEFTOUTERJOIN ( Get_REVIEW_Qry ; Get_Question_Outer_qry ),,,
 MIS_RSSP_I_DF,Get_OASYS_Answer_RSSP_Qry,FROM Get_OASYS_Question_RSSP_Qry; Para_qryWHERE Get_OASYS_Question_RSSP_Qry.OASYS_QUESTION_PK = Para_qry.OASYS_QUESTION_PK,LEFTOUTERJOIN ( Get_OASYS_Question_RSSP_Qry ; Para_qry ),,,
 MIS_RSSP_I_DF,RSSP_Qry,FROM Q_AND_A_RSSP_Qry; Get_Latest_Counter_qryWHERE Q_AND_A_RSSP_Qry.AssessmentGuid = Get_Latest_Counter_qry.OASYS_SET_PK,LEFTOUTERJOIN ( Q_AND_A_RSSP_Qry ; Get_Latest_Counter_qry ),,,
 MIS_RSSP_D_DF,Get_OASYS_Question_RSSP_Qry,FROM Get_REVIEW_Qry; Get_Question_Outer_qryWHERE Get_Question_Outer_qry.OASYS_SET_PK = Get_REVIEW_Qry.OASYS_SET_PK,LEFTOUTERJOIN ( Get_REVIEW_Qry ; Get_Question_Outer_qry ),,,
 MIS_RSSP_D_DF,RSSP_Qry,FROM Q_AND_A_RSSP_Qry; Get_Latest_Counter_qryWHERE Q_AND_A_RSSP_Qry.AssessmentGuid = Get_Latest_Counter_qry.OASYS_SET_PK,LEFTOUTERJOIN ( Q_AND_A_RSSP_Qry ; Get_Latest_Counter_qry ),,,
 MIS_SARA_I_DF,SARA_Get_Answer_Qry,FROM SARA_Get_Question_Qry; Para_qryWHERE SARA_Get_Question_Qry.OASYS_QUESTION_PK = Para_qry.OASYS_QUESTION_PK,LEFTOUTERJOIN ( SARA_Get_Question_Qry ; Para_qry ),,,
 MIS_BCSRISKSCREENING_I_DF,Get_OASYS_Answer_BCSRISKSCREENING_Qry,FROM Get_OASYS_Question_BCSRISKSCREENING_Qry; Para_qryWHERE Get_OASYS_Question_BCSRISKSCREENING_Qry.OASYS_QUESTION_PK = Para_qry.OASYS_QUESTION_PK,LEFTOUTERJOIN ( Get_OASYS_Question_BCSRISKSCREENING_Qry ; Para_qry ),,,
 MIS_SECTION1_I_DF,Get_OASYS_Answer_SECTION1_Qry,FROM Get_OASYS_Question_SECTION1_Qry; Get_Answer_QryWHERE Get_OASYS_Question_SECTION1_Qry.OASYS_QUESTION_PK = Get_Answer_Qry.OASYS_QUESTION_PK,LEFTOUTERJOIN ( Get_OASYS_Question_SECTION1_Qry ; Get_Answer_Qry ),,,
 MIS_SECTION2_I_DF,Get_OASYS_Answer_SECTION2_Qry,FROM Get_OASYS_Question_SECTION2_Qry; Get_REF_Answer_SECTION2_QryWHERE ((Get_REF_Answer_SECTION2_Qry.OASYS_QUESTION_PK = Get_OASYS_Question_SECTION2_Qry.OASYS_QUESTION_PK)),LEFTOUTERJOIN ( Get_OASYS_Question_SECTION2_Qry ; Get_REF_Answer_SECTION2_Qry ),,,
 MIS_SECTION3_I_DF,Get_OASYS_Answer_SECTION3_Qry,FROM Get_REF_Answer_SECTION3_Qry; Get_OASYS_Question_SECTION3_QryWHERE ((Get_REF_Answer_SECTION3_Qry.OASYS_QUESTION_PK = Get_OASYS_Question_SECTION3_Qry.OASYS_QUESTION_PK)),LEFTOUTERJOIN ( Get_OASYS_Question_SECTION3_Qry ; Get_REF_Answer_SECTION3_Qry ),,,
 MIS_SECTION4_I_DF,Get_OASYS_Answer_SECTION4_Qry,FROM Get_OASYS_Question_SECTION4_Qry; Get_REF_Answer_SECTION4_QryWHERE ((Get_REF_Answer_SECTION4_Qry.OASYS_QUESTION_PK = Get_OASYS_Question_SECTION4_Qry.OASYS_QUESTION_PK)),LEFTOUTERJOIN ( Get_OASYS_Question_SECTION4_Qry ; Get_REF_Answer_SECTION4_Qry ),,,
 MIS_SECTION5_I_DF,Get_OASYS_Answer_SECTION5_Qry,FROM Get_OASYS_Question_SECTION5_Qry; Get_REF_Answer_SECTION5_QryWHERE (Get_OASYS_Question_SECTION5_Qry.OASYS_QUESTION_PK = Get_REF_Answer_SECTION5_Qry.OASYS_QUESTION_PK),LEFTOUTERJOIN ( Get_OASYS_Question_SECTION5_Qry ; Get_REF_Answer_SECTION5_Qry ),,,
 MIS_SECTION6_I_DF,Get_OASYS_Answer_SECTION6_Qry,FROM Get_REF_Answer_SECTION6_Qry; Get_OASYS_Question_SECTION6_QryWHERE ((Get_REF_Answer_SECTION6_Qry.OASYS_QUESTION_PK = Get_OASYS_Question_SECTION6_Qry.OASYS_QUESTION_PK)),LEFTOUTERJOIN ( Get_OASYS_Question_SECTION6_Qry ; Get_REF_Answer_SECTION6_Qry ),,,
 MIS_SECTION7_I_DF,Get_OASYS_Answer_SECTION7_Qry,FROM Get_OASYS_Question_SECTION7_Qry; Get_REF_Answer_SECTION5_QryWHERE Get_REF_Answer_SECTION5_Qry.OASYS_QUESTION_PK = Get_OASYS_Question_SECTION7_Qry.OASYS_QUESTION_PK,LEFTOUTERJOIN ( Get_OASYS_Question_SECTION7_Qry ; Get_REF_Answer_SECTION5_Qry ),,,
 MIS_SECTION8_I_DF,Get_OASYS_Answer_SECTION8_Qry,FROM Get_OASYS_Question_SECTION8_Qry; Get_REF_Answer_SECTION5_QryWHERE Get_REF_Answer_SECTION5_Qry.OASYS_QUESTION_PK = Get_OASYS_Question_SECTION8_Qry.OASYS_QUESTION_PK,LEFTOUTERJOIN ( Get_OASYS_Question_SECTION8_Qry ; Get_REF_Answer_SECTION5_Qry ),,,
 MIS_SECTION9_I_DF,Get_OASYS_Answer_SECTION9_Qry,FROM Get_OASYS_Question_SECTION9_Qry; Get_REF_Answer_SECTION5_QryWHERE Get_OASYS_Question_SECTION9_Qry.OASYS_QUESTION_PK = Get_REF_Answer_SECTION5_Qry.OASYS_QUESTION_PK,LEFTOUTERJOIN ( Get_OASYS_Question_SECTION9_Qry ; Get_REF_Answer_SECTION5_Qry ),,,
 MIS_SECTION10_I_DF,Get_OASYS_Answer_SECTION10_Qry,FROM Get_OASYS_Question_SECTION10_Qry; Get_REF_Answer_SECTION10_QryWHERE Get_REF_Answer_SECTION10_Qry.OASYS_QUESTION_PK = Get_OASYS_Question_SECTION10_Qry.OASYS_QUESTION_PK,LEFTOUTERJOIN ( Get_OASYS_Question_SECTION10_Qry ; Get_REF_Answer_SECTION10_Qry ),,,
 MIS_SECTION11_I_DF,Get_OASYS_Answer_SECTION11_Qry,FROM Get_OASYS_Question_SECTION11_Qry; Get_REF_Answer_SECTION5_QryWHERE Get_OASYS_Question_SECTION11_Qry.OASYS_QUESTION_PK = Get_REF_Answer_SECTION5_Qry.OASYS_QUESTION_PK,LEFTOUTERJOIN ( Get_OASYS_Question_SECTION11_Qry ; Get_REF_Answer_SECTION5_Qry ),,,
 MIS_SECTION12_I_DF,Get_OASYS_Answer_SECTION12_Qry,FROM Get_OASYS_Question_SECTION12_Qry; Get_REF_Answer_SECTION5_QryWHERE Get_OASYS_Question_SECTION12_Qry.OASYS_QUESTION_PK = Get_REF_Answer_SECTION5_Qry.OASYS_QUESTION_PK,LEFTOUTERJOIN ( Get_OASYS_Question_SECTION12_Qry ; Get_REF_Answer_SECTION5_Qry ),,,
 MIS_SECTION13_I_DF,Get_Answer_SECTION13_Qry,FROM Get_Question_SECTION13_Qry; Get_REF_Answer_SECTION5_QryWHERE Get_Question_SECTION13_Qry.OASYS_QUESTION_PK = Get_REF_Answer_SECTION5_Qry.OASYS_QUESTION_PK,LEFTOUTERJOIN ( Get_Question_SECTION13_Qry ; Get_REF_Answer_SECTION5_Qry ),,,
 MIS_SUMMARY_DF,Lookup_SUMMARY_Qry,STG_SUMM_GETSET.REF_ASS_VERSION_CODE = 'OASYS2',LEFTOUTERJOIN ( STG_SUMM_GETSET ; Q_AND_A_SUMMARY_Qry ),,,
 MIS_SUMMARY_DF,Add_summary_and_scores,FROM STG_SUMM_SCORES; STG_SUMM_SECTWHERE (STG_SUMM_SCORES.OASYS_SET_PK = STG_SUMM_SECT.OASYS_SET_PK),LEFTOUTERJOIN ( STG_SUMM_SECT ; STG_SUMM_SCORES ),,,
 MIS_SUMMARY_DF,Summary_add_ct_,FROM Lookup_SUMMARY_Qry; STG_SUMM_OFFBLOCKWHERE Lookup_SUMMARY_Qry.ASSESSMENTGUID=STG_SUMM_OFFBLOCK.OASYS_SET_PK,LEFTOUTERJOIN ( Lookup_SUMMARY_Qry ; STG_SUMM_OFFBLOCK ),,,
 MIS_TR_BCS_SCREENING_I_DF,Get_OASYS_Answer_Qry,WHERE (Get_OASYS_Question_SCREENING_Qry.REF_SECTION_CODE = 'TR_RISK'and Get_OASYS_Question_SCREENING_Qry.OASYS_QUESTION_PK = Get_REF_Answer_SCREENING_Qry.OASYS_QUESTION_PK),LEFTOUTERJOIN ( Get_OASYS_Question_SCREENING_Qry ; Get_REF_Answer_SCREENING_Qry ),,,
 MIS_TR_BCS_SECTION1_I_DF,qry_rmv_blanks,WHERE CT_OFFENCE_PIVOT.OFFENCE_BLOCK_PK = Query_2.OFFENCE_BLOCK_PKandCT_OFFENCE_PIVOT.ADDITIONAL_OFFENCE_IND='N',LEFTOUTERJOIN ( Query_2 ; CT_OFFENCE_PIVOT ),,,
 MIS_TR_BCS_SECTION1_I_DF,qry_rmv_blanks,WHERE Get_OASYS_Answer_Qry.OASYS_SET_PK=OFFENCE_BLOCK.OASYS_SET_PKand OFFENCE_BLOCK.OFFENCE_BLOCK_TYPE_ELM='CURRENT',LEFTOUTERJOIN ( Get_OASYS_Answer_Qry ; OFFENCE_BLOCK ),,,
 MIS_TR_BCS_SECTION1_I_DF,Get_OASYS_Answer_Qry,WHERE Qry_all_trans.OASYS_SET_PK = Get_OASYS_Answer_Qry_2.OASYS_SET_PK,LEFTOUTERJOIN ( Qry_all_trans ; Get_OASYS_Answer_Qry_2 ),,,
 MIS_TR_BCS_SECTION1_I_DF,Get_OASYS_Answer_Qry_2,WHERE (Get_REF_Answer_SECTION1_Qry.OASYS_QUESTION_PK = Get_OASYS_Question_SECTION1_Qry.OASYS_QUESTION_PK),LEFTOUTERJOIN ( Get_OASYS_Question_SECTION1_Qry ; Get_REF_Answer_SECTION1_Qry ),,,
 MIS_TR_BCS_SECTION1_D_DF,Get_OASYS_Question_SECTION1_Qry,WHERE CT_OFFENCE_PIVOT.OFFENCE_BLOCK_PK = Query_2.OFFENCE_BLOCK_PKandCT_OFFENCE_PIVOT.ADDITIONAL_OFFENCE_IND='N',LEFTOUTERJOIN ( Query_2 ; CT_OFFENCE_PIVOT ),,,
 MIS_TR_BCS_SECTION1_D_DF,Get_OASYS_Answer_Qry,WHERE STG_SECT_QUEST_ANS.REF_SECTION_CODE = 'TR_SECTION1'andQuery_3.OASYS_SET_PK=STG_SECT_QUEST_ANS.OASYS_SET_PK,LEFTOUTERJOIN ( Query_3 ; STG_SECT_QUEST_ANS ),,,
 MIS_TR_BCS_SECTION1_D_DF,Get_OASYS_Answer_Qry_1,WHERE Get_OASYS_Answer_Qry.OASYS_SET_PK=OFFENCE_BLOCK.OASYS_SET_PKand OFFENCE_BLOCK.OFFENCE_BLOCK_TYPE_ELM='CURRENT',LEFTOUTERJOIN ( Get_OASYS_Answer_Qry ; OFFENCE_BLOCK ),,,
 MIS_TR_BCS_SECTION3_I_DF,Get_OASYS_Answer_Qry,WHERE Get_REF_Answer_SECTION3_Qry.OASYS_QUESTION_PK = Get_OASYS_Question_SECTION3_Qry.OASYS_QUESTION_PK,LEFTOUTERJOIN ( Get_OASYS_Question_SECTION3_Qry ; Get_REF_Answer_SECTION3_Qry ),,,
 MIS_TR_BCS_SECTION4_I_DF,Get_OASYS_Answer_Qry,WHERE (Get_REF_Answer_SECTION4_Qry.OASYS_QUESTION_PK = Get_OASYS_Question_SECTION4_Qry.OASYS_QUESTION_PK),LEFTOUTERJOIN ( Get_OASYS_Question_SECTION4_Qry ; Get_REF_Answer_SECTION4_Qry ),,,
 MIS_TR_BCS_SECTION5_I_DF,Get_OASYS_Answer_Qry,WHERE Get_REF_Answer_SECTION5_Qry.OASYS_QUESTION_PK = Get_OASYS_Question_SECTION5_Qry.OASYS_QUESTION_PK,LEFTOUTERJOIN ( Get_OASYS_Question_SECTION5_Qry ; Get_REF_Answer_SECTION5_Qry ),,,
 MIS_TR_BCS_SECTION6_I_DF,Get_OASYS_Answer_Qry,WHERE Get_OASYS_Question_SECTION6_Qry.OASYS_QUESTION_PK = Get_REF_Answer_SECTION6_Qry.OASYS_QUESTION_PK,LEFTOUTERJOIN ( Get_OASYS_Question_SECTION6_Qry ; Get_REF_Answer_SECTION6_Qry ),,,
 MIS_TR_BCS_SECTION8_I_DF,Get_OASYS_Answer_Qry,WHERE (Get_REF_Answer_SECTION8_Qry.OASYS_QUESTION_PK = Get_OASYS_Question_SECTION8_Qry.OASYS_QUESTION_PK),LEFTOUTERJOIN ( Get_OASYS_Question_SECTION8_Qry ; Get_REF_Answer_SECTION8_Qry ),,,
 MIS_TR_BCS_SECTION11_I_DF,Get_OASYS_Answer_Qry,WHERE (Get_OASYS_Question_SECTION11_Qry.OASYS_QUESTION_PK = Get_REF_Answer_SECTION11_Qry.OASYS_QUESTION_PK),LEFTOUTERJOIN ( Get_OASYS_Question_SECTION11_Qry ; Get_REF_Answer_SECTION11_Qry ),,,
 MIS_TR_BCS_SECTION12_I_DF,Get_OASYS_Answer_Qry,WHERE (Get_REF_Answer_SECTION12_Qry.OASYS_QUESTION_PK = Get_OASYS_Question_SECTION12_Qry.OASYS_QUESTION_PK),LEFTOUTERJOIN ( Get_OASYS_Question_SECTION12_Qry ; Get_REF_Answer_SECTION12_Qry ),,,
 MIS_TR_BCS_RESETT_PLAN_1_DF,Qry_Part2,WHERE ((Qry.ASSESSMENT_ID = OASYS_BCS_PART.OASYS_SET_PK) AND(OASYS_BCS_PART.BCS_PART_ELM = 'PART_2')),LEFTOUTERJOIN ( Qry ; OASYS_BCS_PART ),,,
 MIS_TR_BCS_RESETT_PLAN_1_DF,Qry_Resett_Plan_4,WHERE ((Qry_Resett_Plan_3.ASSESSMENT_ID = RANKER.OASYS_SET_PK) AND(RANKER.RANKER = 4)),LEFTOUTERJOIN ( Qry_Resett_Plan_3 ; RANKER ),,,
 MIS_TR_BCS_RESETT_PLAN_1_DF,Qry_Resett_Plan_9,WHERE ((Qry_Resett_Plan_8.ASSESSMENT_ID = RANKER.OASYS_SET_PK) AND(RANKER.RANKER = 9)),LEFTOUTERJOIN ( Qry_Resett_Plan_8 ; RANKER ),,,
 MIS_TR_BCS_RESETT_PLAN_1_DF,Qry_Resett_Plan_8,WHERE ((RANKER.OASYS_SET_PK = Qry_Resett_Plan_7.ASSESSMENT_ID) AND(RANKER.RANKER = 8)),LEFTOUTERJOIN ( Qry_Resett_Plan_7 ; RANKER ),,,
 MIS_TR_BCS_RESETT_PLAN_1_DF,Qry_Resett_Plan_7,WHERE ((RANKER.OASYS_SET_PK = Qry_Resett_Plan_6.ASSESSMENT_ID) AND(RANKER.RANKER = 7)),LEFTOUTERJOIN ( Qry_Resett_Plan_6 ; RANKER ),,,
 MIS_TR_BCS_RESETT_PLAN_1_DF,Qry_Resett_Plan_6,WHERE ((Qry_Resett_Plan_5.ASSESSMENT_ID = RANKER.OASYS_SET_PK) AND(RANKER.RANKER = 6)),LEFTOUTERJOIN ( Qry_Resett_Plan_5 ; RANKER ),,,
 MIS_TR_BCS_RESETT_PLAN_1_DF,Qry_Resett_Plan_5,WHERE ((Qry_Resett_Plan_4.ASSESSMENT_ID = RANKER.OASYS_SET_PK) AND(RANKER.RANKER = 5)),LEFTOUTERJOIN ( Qry_Resett_Plan_4 ; RANKER ),,,
 MIS_TR_BCS_RESETT_PLAN_1_DF,Qry_Resett_Plan_2,WHERE ((Qry_Resett_Plan_1.ASSESSMENT_ID = RANKER.OASYS_SET_PK) AND(RANKER.RANKER  = 2)),LEFTOUTERJOIN ( Qry_Resett_Plan_1 ; RANKER ),,,
 MIS_TR_BCS_RESETT_PLAN_1_DF,Qry_Resett_Plan_3,WHERE ((RANKER.OASYS_SET_PK = Qry_Resett_Plan_2.ASSESSMENT_ID) AND(RANKER.RANKER = 3)),LEFTOUTERJOIN ( Qry_Resett_Plan_2 ; RANKER ),,,
 MIS_TR_BCS_RESETT_PLAN_1_DF,Qry_Part2_cont,WHERE Qry_Part2.BCS_PART2_CRC=CT_AREA_EST.CT_AREA_EST_CODE,LEFTOUTERJOIN ( Qry_Part2 ; CT_AREA_EST ),,,
 MIS_TR_BCS_RESETT_PLAN_1_DF,Qry_Resett_Plan_1,WHERE ((RANKER.OASYS_SET_PK = Qry_Part2_cont.ASSESSMENT_ID) AND(RANKER.RANKER  = 1)),LEFTOUTERJOIN ( Qry_Part2_cont ; RANKER ),,,
 MIS_TR_BCS_RESETT_PLAN_2_I_DF,Get_OASYS_Answer_Qry,WHERE Get_OASYS_Question_SECTION4_Qry.OASYS_QUESTION_PK = Get_REF_Answer_SECTION4_Qry.OASYS_QUESTION_PK,LEFTOUTERJOIN ( Get_OASYS_Question_SECTION4_Qry ; Get_REF_Answer_SECTION4_Qry ),,,
 MIS_TR_BCS_PENDING_DF,Get_OASYS_Question_SECTION4_Qry,WHERE Query_6.HOST_CPA=CT_AREA_EST.CT_AREA_EST_CODE,LEFTOUTERJOIN ( Query_6 ; CT_AREA_EST ),,,
 MIS_ROHFA_CHILDATROH_DF,Get_Child_Risk_Reg_Pivot_qry,WHERE CHILD_AT_RISK_REG_PIVOT.CHILD_AT_RISK_PIVOT_PK = Get_Child_Risk_Pivot_qry.CHILD_AT_RISK_PIVOT_PK,ORDER BY  Get_Child_Risk_Pivot_qry.OASYS_SET_PK asc;  Get_Child_Risk_Pivot_qry.DISPLAY_SORT asc,  CHILD_AT_RISK_REG_PIVOT.CHILD_AT_RISK_REG_PIVOT_PK asc LEFTOUTERJOIN ( Get_Child_Risk_Pivot_qry , CHILD_AT_RISK_REG_PIVOT ),
 MIS_INTBDTTO_DF,Rename_Columns_qry,WHERE Get_Not_Disclosed_qry.USER_CODE_CREATE = OASYS_USER.OASYS_USER_CODE andGet_Not_Disclosed_qry.USER_CODE_OBSOLETED = OASYS_USER_1.OASYS_USER_CODE,LEFTOUTERJOIN ( Get_Not_Disclosed_qry ; OASYS_USER ),,,
 MIS_PSR_OUTLINE_DF,Lookup_PSR_OUTLINE_Qry,WHERE (Mapping_PSR_OUTLINE_Qry.OASYS_SET_PK = Mig_Or_OasysR_Qry.OASYS_SET_PK),LEFTOUTERJOIN ( Mapping_PSR_OUTLINE_Qry ; Mig_Or_OasysR_Qry ),,,
 MIS_BCSCUSTODYPLAN_DF,BCSCUSTODYPLAN_Qry,Q_BCSCUSTODYPLAN_Qry.OASYS_SET_PK_BSP IS NOT NULL),LEFTOUTERJOIN ( Q_BCSCUSTODYPLAN_Qry ; BCSCUSTODYPLAN_Reverse_Pivot ),,,
 MIS_OBJECTIVEINPLAN_CURRENT_DF,Get_Objective_Measure_qry,WHERE (Get_ObjectiveInSet_qry.SSP_OBJECTIVES_IN_SET_PK = SSP_OBJECTIVE_MEASURE.SSP_OBJECTIVES_IN_SET_PK),LEFTOUTERJOIN ( Get_ObjectiveInSet_qry ; SSP_OBJECTIVE_MEASURE ),,,
 MIS_OBJECTIVEINPLAN_CURRENT_DF,Get_Objective_qry,WHERE (Get_Objective_Measure_qry.SSP_OBJECTIVES_IN_SET_PK = ONR_SSP_OBJECTIVE_VW.SSP_OBJECTIVES_IN_SET_PK),LEFTOUTERJOIN ( Get_Objective_Measure_qry ; ONR_SSP_OBJECTIVE_VW ),,,
 MIS_OBJECTIVEINPLAN_CURRENT_DF,Get_Objective_desc_qry,WHERE LookUp_OBJECTIVEINPLAN_qry.OBJECTIVE_CODE = OBJECTIVE.OBJECTIVE_CODE,LEFTOUTERJOIN ( LookUp_OBJECTIVEINPLAN_qry ; OBJECTIVE ),,,
 MIS_SUPERVISION_PLAN_FUTURE_DF,Re_Join_2_qry,"Re_Join_1_qry.""2_SSP_INTERVENTION_IN_SET_PK"" = Reverse_Pivot_Who_2.""2_SSP_INTERVENTION_IN_SET_PK"")",LEFTOUTERJOIN ( Re_Join_1_qry ; Reverse_Pivot_Who_2 ),,,
 MIS_SUPERVISION_PLAN_FUTURE_DF,Re_Join_3_qry,"Re_Join_2_qry.""3_SSP_INTERVENTION_IN_SET_PK"" = Reverse_Pivot_Who_3.""3_SSP_INTERVENTION_IN_SET_PK"")",LEFTOUTERJOIN ( Re_Join_2_qry ; Reverse_Pivot_Who_3 ),,,
 MIS_OBJECTIVEINPLAN_FUTURE_DF,Get_Objective_Measure_qry,WHERE (Get_ObjectiveInSet_qry.SSP_OBJECTIVES_IN_SET_PK = SSP_OBJECTIVE_MEASURE.SSP_OBJECTIVES_IN_SET_PK),LEFTOUTERJOIN ( Get_ObjectiveInSet_qry ; SSP_OBJECTIVE_MEASURE ),,,
 MIS_OBJECTIVEINPLAN_FUTURE_DF,Get_Objective_qry,WHERE (Get_Objective_Measure_qry.SSP_OBJECTIVES_IN_SET_PK = ONR_SSP_OBJECTIVE_VW.SSP_OBJECTIVES_IN_SET_PK),LEFTOUTERJOIN ( Get_Objective_Measure_qry ; ONR_SSP_OBJECTIVE_VW ),,,
 MIS_OBJECTIVEINPLAN_FUTURE_DF,Get_Objective_desc_qry,WHERE OBJECTIVE.OBJECTIVE_CODE = LookUp_OBJECTIVEINPLAN_qry.OBJECTIVE_CODE,LEFTOUTERJOIN ( LookUp_OBJECTIVEINPLAN_qry ; OBJECTIVE ),,,
 MIS_SUPERVISION_PLAN_CURRENT_DF,Re_Join_2_qry,"Re_Join_1_qry.""2_SSP_INTERVENTION_IN_SET_PK"" = Reverse_Pivot_Who_2.""2_SSP_INTERVENTION_IN_SET_PK""",LEFTOUTERJOIN ( Re_Join_1_qry ; Reverse_Pivot_Who_2 ),,,
 MIS_SUPERVISION_PLAN_CURRENT_DF,Re_Join_3_qry,"Re_Join_2_qry.""3_SSP_INTERVENTION_IN_SET_PK"" = Reverse_Pivot_Who_3.""3_SSP_INTERVENTION_IN_SET_PK""",LEFTOUTERJOIN ( Re_Join_2_qry ; Reverse_Pivot_Who_3 ),,,
 MIS_SECT1_SENT_STG_SRC_DF,Offence_Section1_Sentence_Qry,WHERE Get_Offence_Block_Qry.OFFENCE_BLOCK_PK = ONR_OFFENCE_SENT_DETAIL_VW.OFFENCE_BLOCK_PK,LEFTOUTERJOIN ( Get_Offence_Block_Qry ; ONR_OFFENCE_SENT_DETAIL_VW ),,,
 MIS_SECTION1_SENTENCE_DF,Offence_Reverse_Pivot_Section1_Sentence_Qry,WHERE Get_Offence_Pivot_qry.OASYS_SET_PK = Get_Main_Offence_qry.OASYS_SET_PKandGet_Offence_Pivot_qry.OFFENCE_BLOCK_PK = Get_Main_Offence_qry.OFFENCE_BLOCK_PK,LEFTOUTERJOIN ( Get_Offence_Pivot_qry ; Get_Main_Offence_qry ),,,
 MIS_SECTION1_SENTENCE_DF,Get_Offence_Pivot_qry,WHERE Rejoin_5_qry.OFFENCE_BLOCK_PK = CT_OFFENCE_PIVOT.OFFENCE_BLOCK_PKandCT_OFFENCE_PIVOT.ADDITIONAL_OFFENCE_IND = 'N',LEFTOUTERJOIN ( Rejoin_5_qry ; CT_OFFENCE_PIVOT ),,,
 MIS_SECTION1_SENTENCE_DF,Rejoin_1_qry,WHERE ((STG_S1S_OFF_BLK.OASYS_SET_PK = STG_S1S_1.OASYS_SET_PK) AND(STG_S1S_OFF_BLK.OFFENCE_BLOCK_PK = STG_S1S_1.OFFENCE_BLOCK_PK)),LEFTOUTERJOIN ( STG_S1S_OFF_BLK ; STG_S1S_1 ),,,
 MIS_SECTION1_SENTENCE_DF,Rejoin_2_qry,WHERE ((Rejoin_1_qry.OASYS_SET_PK = STG_S1S_2.OASYS_SET_PK) AND(Rejoin_1_qry.OFFENCE_BLOCK_PK = STG_S1S_2.OFFENCE_BLOCK_PK)),LEFTOUTERJOIN ( Rejoin_1_qry ; STG_S1S_2 ),,,
 MIS_SECTION1_SENTENCE_DF,Rejoin_3_qry,WHERE ((Rejoin_2a_Qry.OASYS_SET_PK = STG_S1S_3.OASYS_SET_PK) AND(Rejoin_2a_Qry.OFFENCE_BLOCK_PK = STG_S1S_3.OFFENCE_BLOCK_PK)),LEFTOUTERJOIN ( Rejoin_2a_Qry ; STG_S1S_3 ),,,
 MIS_SECTION1_SENTENCE_DF,Rejoin_4_qry,WHERE ((Rejoin_3_qry.OASYS_SET_PK = STG_S1S_4.OASYS_SET_PK) AND(Rejoin_3_qry.OFFENCE_BLOCK_PK = STG_S1S_4.OFFENCE_BLOCK_PK)),LEFTOUTERJOIN ( Rejoin_3_qry ; STG_S1S_4 ),,,
 MIS_SECTION1_SENTENCE_DF,Rejoin_5_qry,WHERE ((Rejoin_4_qry.OASYS_SET_PK = STG_S1S_5.OASYS_SET_PK) AND(Rejoin_4_qry.OFFENCE_BLOCK_PK = STG_S1S_5.OFFENCE_BLOCK_PK)),LEFTOUTERJOIN ( Rejoin_4_qry ; STG_S1S_5 ),,,
 MIS_SECTION1_SENTENCE_DF,Rejoin_2a_Qry,WHERE ((Rejoin_2_qry.OASYS_SET_PK = STG_S1S_2A.OASYS_SET_PK) AND(Rejoin_2_qry.OFFENCE_BLOCK_PK = STG_S1S_2A.OFFENCE_BLOCK_PK)),LEFTOUTERJOIN ( Rejoin_2_qry ; STG_S1S_2A ),,,
 MIS_OBJECTIVEREVIEW_DF,Get_Objective_Measure_qry,WHERE (Get_ObjectiveInSet_qry.SSP_OBJECTIVES_IN_SET_PK = SSP_OBJECTIVE_MEASURE.SSP_OBJECTIVES_IN_SET_PK),LEFTOUTERJOIN ( Get_ObjectiveInSet_qry ; SSP_OBJECTIVE_MEASURE ),,,
 MIS_OBJECTIVEREVIEW_DF,Get_Objective_qry,WHERE (Get_Objective_Measure_qry.SSP_OBJECTIVES_IN_SET_PK = ONR_SSP_OBJECTIVE_VW.SSP_OBJECTIVES_IN_SET_PK),LEFTOUTERJOIN ( Get_Objective_Measure_qry ; ONR_SSP_OBJECTIVE_VW ),,,
 MIS_OBJECTIVEREVIEW_DF,Get_Objective_desc_qry,WHERE OBJECTIVE.OBJECTIVE_CODE = LookUp_OBJECTIVEINPLAN_qry.OBJECTIVE_CODE,LEFTOUTERJOIN ( LookUp_OBJECTIVEINPLAN_qry ; OBJECTIVE ),,,
 ONR_SECTION1_DF,Mapping_ASSESSMENT_SECTION1_Qry,WHERE SECTION1_INT.LASTUPD_DATE >= $Gv_Onr_LastRun_DateTime andSECTION1_INT.ASSESSMENTGUID = Assmnt_Trans_Qry.ASSESSMENT_ID,LEFTOUTERJOIN ( Assmnt_Trans_Qry ; SECTION1_INT ),,,
 ONR_OFFENDER_DF,Mapping_ADDRESS_ID_Qry,WHERE Mapping_OFFENDER_Qry.OFFENDER_ID = Mapping_OFFENDER_ADDRESS_Qry.OFFENDER_ID,LEFTOUTERJOIN ( Mapping_OFFENDER_Qry ; Mapping_OFFENDER_ADDRESS_Qry ),,,
 ONR_BSSP_DF,Mapping_BSSP_Qry,WHERE BSSP_INT.ASSESSMENTGUID = Assmnt_Trans_Qry.ASSESSMENT_ID andBSSP_INT.LASTUPD_DATE  >= $Gv_Onr_LastRun_DateTime,LEFTOUTERJOIN ( Assmnt_Trans_Qry ; BSSP_INT ),,,
 ONR_SECTION6_DF,Mapping_SECTION6_Qry,WHERE Assmnt_Trans_Qry.ASSESSMENT_ID = SECTION6_INT.ASSESSMENTGUID andSECTION6_INT.LASTUPD_DATE >= $Gv_Onr_LastRun_DateTime,LEFTOUTERJOIN ( Assmnt_Trans_Qry ; SECTION6_INT ),,,
 ONR_SECTION6_DF,Mapping_SECTION6_BSSP_Qry,WHERE Mapping_SECTION6_Qry.ASSESSMENT_ID = BSSP_INT.ASSESSMENTGUID andBSSP_INT.LASTUPD_DATE >= $Gv_Onr_LastRun_DateTime,LEFTOUTERJOIN ( Mapping_SECTION6_Qry ; BSSP_INT ),,,
 ONR_SAQ_DF,Mapping_SAQ_Qry,WHERE SAQ_INT.ASSESSMENTGUID = Assmnt_Trans_Qry.ASSESSMENT_ID andSAQ_INT.LASTUPD_DATE >= $Gv_Onr_LastRun_DateTime,LEFTOUTERJOIN ( Assmnt_Trans_Qry ; SAQ_INT ),,,
 ONR_SECTION2_DF,Mapping_SECTION2_Qry,WHERE SECTION2_INT.LASTUPD_DATE >= $Gv_Onr_LastRun_DateTime andSECTION2_INT.ASSESSMENTGUID = Assmnt_Trans_Qry.ASSESSMENT_ID,LEFTOUTERJOIN ( Assmnt_Trans_Qry ; SECTION2_INT ),,,
 ONR_SECTION3_DF,Mapping_SECTION3_1_Qry,WHERE SECTION3_INT.LASTUPD_DATE >= $Gv_Onr_LastRun_DateTime andSECTION3_INT.ASSESSMENTGUID = Assmnt_Trans_Qry.ASSESSMENT_ID,LEFTOUTERJOIN ( Assmnt_Trans_Qry ; SECTION3_INT ),,,
 ONR_SECTION3_DF,Mapping_SECTION3_BSSP_Qry,WHERE Mapping_SECTION3_1_Qry.ASSESSMENT_ID = BSSP_INT.ASSESSMENTGUID andBSSP_INT.LASTUPD_DATE >= $Gv_Onr_LastRun_DateTime,LEFTOUTERJOIN ( Mapping_SECTION3_1_Qry ; BSSP_INT ),,,
 ONR_SECTION9_DF,Mapping_SECTION9_Qry,WHERE SECTION9_INT.LASTUPD_DATE  >= $Gv_Onr_LastRun_DateTime andSECTION9_INT.ASSESSMENTGUID = Assmnt_Trans_Qry.ASSESSMENT_ID,LEFTOUTERJOIN ( Assmnt_Trans_Qry ; SECTION9_INT ),,,
 ONR_SECTION9_DF,Mapping_SECTION9_BSSP_Qry,WHERE Mapping_SECTION9_Qry.ASSESSMENT_ID = BSSP_INT.ASSESSMENTGUID andBSSP_INT.LASTUPD_DATE >= $Gv_Onr_LastRun_DateTime,LEFTOUTERJOIN ( Mapping_SECTION9_Qry ; BSSP_INT ),,,
 ONR_SECTION11_DF,Mapping_SECTION11_Qry,WHERE Assmnt_Trans_Qry.ASSESSMENT_ID = SECTION11_INT.ASSESSMENTGUID andSECTION11_INT.LASTUPD_DATE  >= $Gv_Onr_LastRun_DateTime,LEFTOUTERJOIN ( Assmnt_Trans_Qry ; SECTION11_INT ),,,
 ONR_SECTION11_DF,Mapping_SECTION11_BSSP_Qry,WHERE Mapping_SECTION11_Qry.ASSESSMENT_ID = BSSP_INT.ASSESSMENTGUID andBSSP_INT.LASTUPD_DATE >= $Gv_Onr_LastRun_DateTime,LEFTOUTERJOIN ( Mapping_SECTION11_Qry ; BSSP_INT ),,,
 ONR_ASSESSMENT_SUMMARY_DF,Mapping_ASSESSMENT_SUMMARY_Qry,WHERE SUMMARY_INT.ASSESSMENTGUID = ONR_ASSESSMENT_TRANS.ASSESSMENT_ID andSUMMARY_INT.LASTUPD_DATE >= $Gv_Onr_LastRun_DateTime,LEFTOUTERJOIN ( ONR_ASSESSMENT_TRANS ; SUMMARY_INT ),,,
 ONR_SECTION10_DF,Mapping_SECTION10_Qry,WHERE Assmnt_Trans_Qry.ASSESSMENT_ID = SECTION10_INT.ASSESSMENTGUID andSECTION10_INT.LASTUPD_DATE >= $Gv_Onr_LastRun_DateTime,LEFTOUTERJOIN ( Assmnt_Trans_Qry ; SECTION10_INT ),,,
 ONR_SECTION10_DF,Mapping_SECTION10_BSSP_Qry,WHERE Mapping_SECTION10_Qry.ASSESSMENT_ID = BSSP_INT.ASSESSMENTGUID andBSSP_INT.LASTUPD_DATE >= $Gv_Onr_LastRun_DateTime,LEFTOUTERJOIN ( Mapping_SECTION10_Qry ; BSSP_INT ),,,
 ONR_SECTION7_DF,Mapping_SECTION7_Qry,WHERE SECTION7_INT.ASSESSMENTGUID = Assmnt_Trans_Qry.ASSESSMENT_ID andSECTION7_INT.LASTUPD_DATE >= $Gv_Onr_LastRun_DateTime,LEFTOUTERJOIN ( Assmnt_Trans_Qry ; SECTION7_INT ),,,
 ONR_SECTION7_DF,Mapping_SECTION7_BSSP_Qry,WHERE Mapping_SECTION7_Qry.ASSESSMENT_ID = BSSP_INT.ASSESSMENTGUID andBSSP_INT.LASTUPD_DATE >= $Gv_Onr_LastRun_DateTime,LEFTOUTERJOIN ( Mapping_SECTION7_Qry ; BSSP_INT ),,,
 ONR_SECTION8_DF,Mapping_SECTION8_Qry,WHERE SECTION8_INT.ASSESSMENTGUID = Assmnt_Trans_Qry.ASSESSMENT_ID andSECTION8_INT.LASTUPD_DATE >= $Gv_Onr_LastRun_DateTime,LEFTOUTERJOIN ( Assmnt_Trans_Qry ; SECTION8_INT ),,,
 ONR_SECTION8_DF,Mapping_SECTION8_BSSP_Qry,WHERE Mapping_SECTION8_Qry.ASSESSMENT_ID = BSSP_INT.ASSESSMENTGUID andBSSP_INT.LASTUPD_DATE >= $Gv_Onr_LastRun_DateTime,LEFTOUTERJOIN ( Mapping_SECTION8_Qry ; BSSP_INT ),,,
 ONR_SECTION12_DF,Mapping_SECTION12_Qry,WHERE Assmnt_Trans_Qry.ASSESSMENT_ID = SECTION12_INT.ASSESSMENTGUID andSECTION12_INT.LASTUPD_DATE >= $Gv_Onr_LastRun_DateTime,LEFTOUTERJOIN ( Assmnt_Trans_Qry ; SECTION12_INT ),,,
 ONR_SECTION12_DF,Mapping_SECTION12_BSSP_Qry,WHERE Mapping_SECTION12_Qry.ASSESSMENT_ID = BSSP_INT.ASSESSMENTGUID andBSSP_INT.LASTUPD_DATE >= $Gv_Onr_LastRun_DateTime,LEFTOUTERJOIN ( Mapping_SECTION12_Qry ; BSSP_INT ),,,
 ONR_ASSESSMENT_DF,Mapping_CONTACT_PERIOD_Qry,WHERE CONTACT_PERIOD.CONTACT_PERIOD_ID = GROUP_BY_Qry.CONTACT_PERIOD_ID,LEFTOUTERJOIN ( GROUP_BY_Qry ; CONTACT_PERIOD ),,,
 ONR_ASSESSMENT_CASEID_DF,Mapping_ASSESSMENT_CASEID_Qry,CASEID_INT.ASSESSMENT_TYPE_ELM in ('OASYS_1'; 'OASYS_2', 'LAYER_1', 'LAYER_2', 'LAYER_3'),LEFTOUTERJOIN ( CASEID_INT ; ASSESSMENT_CASEID_ADDRESS )
 ONR_ASSESSMENT_CASEID_DF,Mapping_ADDRESS_IDS_Qry,WHERE Mapping_ASSESSMENT_CASEID_Qry.ASSESSMENT_ID = ASSESSMENT_CASEID_ADDRESS_1.ASSESSMENT_ID andASSESSMENT_CASEID_ADDRESS_1.ADDRESS_TYPE = 'D',LEFTOUTERJOIN ( Mapping_ASSESSMENT_CASEID_Qry ; ASSESSMENT_CASEID_ADDRESS_1 ),,,
 ONR_SECTION4_DF,Mapping_SECTION4_Qry,WHERE SECTION4_INT.LASTUPD_DATE >= $Gv_Onr_LastRun_DateTime ANDSECTION4_INT.ASSESSMENTGUID = Assmnt_Trans_Qry.ASSESSMENT_ID,LEFTOUTERJOIN ( Assmnt_Trans_Qry ; SECTION4_INT ),,,
 ONR_SECTION4_DF,bssp_SECTION4_Qry,WHERE Mapping_SECTION4_Qry.ASSESSMENT_ID = BSSP_INT.ASSESSMENTGUID,LEFTOUTERJOIN ( Mapping_SECTION4_Qry ; BSSP_INT ),,,
 ONR_SECTION5_DF,Mapping_SECTION5_Qry,WHERE SECTION5_INT.LASTUPD_DATE  >= $Gv_Onr_LastRun_DateTime andSECTION5_INT.ASSESSMENTGUID = Assmnt_Trans_Qry.ASSESSMENT_ID,LEFTOUTERJOIN ( Assmnt_Trans_Qry ; SECTION5_INT ),,,
 ONR_SECTION5_DF,Mapping_SECTION5_BSSP_Qry,WHERE Mapping_SECTION5_Qry.ASSESSMENT_ID = BSSP_INT.ASSESSMENTGUID andBSSP_INT.LASTUPD_DATE >= $Gv_Onr_LastRun_DateTime,LEFTOUTERJOIN ( Mapping_SECTION5_Qry ; BSSP_INT ),,,
 ONR_SECTION13_DF,Mapping_SECTION13_Qry,WHERE Assmnt_Trans_Qry.ASSESSMENT_ID = SECTION13_INT.ASSESSMENTGUID andSECTION13_INT.LASTUPD_DATE >= $Gv_Onr_LastRun_DateTime,LEFTOUTERJOIN ( Assmnt_Trans_Qry ; SECTION13_INT ),,,
 ONR_ROH_SCREENING_DF,Mapping_ROH_SCREENING_Qry,WHERE ROHSCREENING_INT.ASSESSMENTGUID = Assmnt_Trans_Qry.ASSESSMENT_ID andROHSCREENING_INT.LASTUPD_DATE >= $Gv_Onr_LastRun_DateTime,LEFTOUTERJOIN ( Assmnt_Trans_Qry ; ROHSCREENING_INT ),,,
 ONR_TR_BCS_CASEID_DF,Mapping_CONTACT_PERIOD_Qry,WHERE CONTACT_PERIOD.CONTACT_PERIOD_ID = GROUP_BY_Qry.CONTACT_PERIOD_ID,LEFTOUTERJOIN ( GROUP_BY_Qry ; CONTACT_PERIOD ),,,
 ONR_TR_BCS_RESETT_PLAN_DF,TrBcs_ResetPlan_Qry,WHERE TR_BCS_RESETT_PLAN_INT.ASSESSMENTGUID = TR_BCS_CASEID_INT.ASSESSMENTGUID andTR_BCS_CASEID_INT.LASTUPD_DATE  >= $Gv_Onr_LastRun_DateTime,LEFTOUTERJOIN ( TR_BCS_CASEID_INT ; TR_BCS_RESETT_PLAN_INT ),,,
 ONR_TR_BCS_SCREENING_DF,TrBcs_Screening_Qry,WHERE TR_BCS_SCREENING_INT.ASSESSMENTGUID = TR_BCS_CASEID_INT.ASSESSMENTGUID andTR_BCS_CASEID_INT.LASTUPD_DATE  >= $Gv_Onr_LastRun_DateTime,LEFTOUTERJOIN ( TR_BCS_CASEID_INT ; TR_BCS_SCREENING_INT ),,,
 ONR_TR_BCS_SECTION1_DF,TrBcs_Qry,WHERE TR_BCS_SECTION1_INT.ASSESSMENTGUID = TR_BCS_CASEID_INT.ASSESSMENTGUID andTR_BCS_CASEID_INT.LASTUPD_DATE  >= $Gv_Onr_LastRun_DateTime,LEFTOUTERJOIN ( TR_BCS_CASEID_INT ; TR_BCS_SECTION1_INT ),,,
 ONR_TR_BCS_SECTION11_DF,TrBcs_Section11_Qry,WHERE TR_BCS_SECTION11_INT.ASSESSMENTGUID = TR_BCS_CASEID_INT.ASSESSMENTGUID andTR_BCS_CASEID_INT.LASTUPD_DATE  >= $Gv_Onr_LastRun_DateTime,LEFTOUTERJOIN ( TR_BCS_CASEID_INT ; TR_BCS_SECTION11_INT ),,,
 ONR_TR_BCS_SECTION12_DF,TrBcs_Section12_Qry,WHERE TR_BCS_SECTION12_INT.ASSESSMENTGUID = TR_BCS_CASEID_INT.ASSESSMENTGUID andTR_BCS_CASEID_INT.LASTUPD_DATE  >= $Gv_Onr_LastRun_DateTime,LEFTOUTERJOIN ( TR_BCS_CASEID_INT ; TR_BCS_SECTION12_INT ),,,
 ONR_TR_BCS_SECTION3_DF,TrBcs_Section3_Qry,WHERE TR_BCS_SECTION3_INT.ASSESSMENTGUID = TR_BCS_CASEID_INT.ASSESSMENTGUID andTR_BCS_CASEID_INT.LASTUPD_DATE  >= $Gv_Onr_LastRun_DateTime,LEFTOUTERJOIN ( TR_BCS_CASEID_INT ; TR_BCS_SECTION3_INT ),,,
 ONR_TR_BCS_SECTION4_DF,TrBcs_Section4_Qry,WHERE TR_BCS_SECTION4_INT.ASSESSMENTGUID = TR_BCS_CASEID_INT.ASSESSMENTGUID andTR_BCS_CASEID_INT.LASTUPD_DATE  >= $Gv_Onr_LastRun_DateTime,LEFTOUTERJOIN ( TR_BCS_CASEID_INT ; TR_BCS_SECTION4_INT ),,,
 ONR_TR_BCS_SECTION5_DF,TrBcs_Section5_Qry,WHERE TR_BCS_SECTION5_INT.ASSESSMENTGUID = TR_BCS_CASEID_INT.ASSESSMENTGUID andTR_BCS_CASEID_INT.LASTUPD_DATE  >= $Gv_Onr_LastRun_DateTime,LEFTOUTERJOIN ( TR_BCS_CASEID_INT ; TR_BCS_SECTION5_INT ),,,
 ONR_TR_BCS_SECTION6_DF,TrBcs_Section6_Qry,WHERE TR_BCS_SECTION6_INT.ASSESSMENTGUID = TR_BCS_CASEID_INT.ASSESSMENTGUID andTR_BCS_CASEID_INT.LASTUPD_DATE  >= $Gv_Onr_LastRun_DateTime,LEFTOUTERJOIN ( TR_BCS_CASEID_INT ; TR_BCS_SECTION6_INT ),,,
 ONR_TR_BCS_SECTION8_DF,TrBcs_Section8_Qry,WHERE TR_BCS_SECTION8_INT.ASSESSMENTGUID = TR_BCS_CASEID_INT.ASSESSMENTGUID andTR_BCS_CASEID_INT.LASTUPD_DATE  >= $Gv_Onr_LastRun_DateTime,LEFTOUTERJOIN ( TR_BCS_CASEID_INT ; TR_BCS_SECTION8_INT ),,,
